Link_id,Direction,AVG_Speed,Data_Availability_Percentage,Category
4688548,1,17,83,Low [0-30]
4688549,1,24,92,Low [0-30]
4688550,1,21,89,Low [0-30]
4825719,1,33,75,Medium (30 - 50]
4825719,2,31,76,Medium (30 - 50]
4959032,1,47,23,Medium (30 - 50]
4959083,1,29,45,Low [0-30]
4959083,2,31,31,Medium (30 - 50]
5363322,1,60,36,High (51 - 80]
5363340,1,99,77,Highest (80 +
9774971,1,87,12,Highest (80 +
13769164,1,23,92,Low [0-30]
13769290,1,16,20,Low [0-30]
13769313,1,19,1,Low [0-30]
13769313,2,23,10,Low [0-30]
13769391,1,21,75,Low [0-30]
13866832,1,26,47,Low [0-30]
13866835,1,26,16,Low [0-30]
13868768,1,30,87,Low [0-30]
13868791,1,37,95,Medium (30 - 50]
13868862,1,29,15,Low [0-30]
13868862,2,29,39,Low [0-30]
13986369,1,94,17,Highest (80 +
13987098,1,80,78,High (51 - 80]
14087678,1,20,56,Low [0-30]
14088029,1,26,12,Low [0-30]
14088029,2,20,3,Low [0-30]
14088080,1,23,82,Low [0-30]
14088246,1,25,83,Low [0-30]
14088780,1,32,88,Medium (30 - 50]
14089056,1,29,38,Low [0-30]
14089056,2,30,59,Low [0-30]
14125050,1,89,17,Highest (80 +
14125517,1,30,34,Low [0-30]
14125517,2,29,27,Low [0-30]
14126204,1,25,27,Low [0-30]
14126204,2,26,22,Low [0-30]
14126392,1,18,87,Low [0-30]
14126665,1,27,83,Low [0-30]
14128773,1,39,5,Medium (30 - 50]
14133302,1,90,1,Highest (80 +
14133333,1,103,3,Highest (80 +
14134195,1,92,14,Highest (80 +
14156574,1,31,74,Medium (30 - 50]
14156737,1,16,7,Low [0-30]
14157560,1,27,1,Low [0-30]
14157560,2,30,1,Low [0-30]
14158208,1,35,53,Medium (30 - 50]
14158208,2,33,48,Medium (30 - 50]
14158490,1,26,28,Low [0-30]
14158533,1,69,34,High (51 - 80]
14158682,1,72,62,High (51 - 80]
14158740,1,25,52,Low [0-30]
14159505,1,23,42,Low [0-30]
14159652,1,30,13,Low [0-30]
14159652,2,24,3,Low [0-30]
14159709,1,26,88,Low [0-30]
14159730,1,24,39,Low [0-30]
14159730,2,26,17,Low [0-30]
14159918,1,16,52,Low [0-30]
14159984,1,15,16,Low [0-30]
14172794,1,102,79,Highest (80 +
14172997,1,57,18,High (51 - 80]
14172997,2,54,21,High (51 - 80]
14174079,1,59,24,High (51 - 80]
14250434,1,82,23,Highest (80 +
14250441,1,40,18,Medium (30 - 50]
14250490,1,56,38,High (51 - 80]
14251205,1,96,62,Highest (80 +
14251287,1,94,90,Highest (80 +
14251378,1,36,44,Medium (30 - 50]
14251667,1,58,51,High (51 - 80]
14251700,1,51,43,High (51 - 80]
14251756,1,56,54,High (51 - 80]
14251861,1,85,55,Highest (80 +
14251908,1,55,26,High (51 - 80]
14251968,1,52,52,High (51 - 80]
14252079,1,27,46,Low [0-30]
14252175,1,38,31,Medium (30 - 50]
14252291,1,95,0,Highest (80 +
14252339,1,43,4,Medium (30 - 50]
14290764,1,43,10,Medium (30 - 50]
14290764,2,42,9,Medium (30 - 50]
14291050,1,23,68,Low [0-30]
14291356,1,21,80,Low [0-30]
14292307,1,36,69,Medium (30 - 50]
14293311,1,29,11,Low [0-30]
14293311,2,29,7,Low [0-30]
14293732,1,22,1,Low [0-30]
14293732,2,29,1,Low [0-30]
14294151,1,26,29,Low [0-30]
14298307,1,46,35,Medium (30 - 50]
14298350,1,76,14,High (51 - 80]
14299546,1,29,36,Low [0-30]
14299650,1,62,28,High (51 - 80]
14299694,1,59,51,High (51 - 80]
14299750,1,50,38,Medium (30 - 50]
14302366,1,21,2,Low [0-30]
14302366,2,21,0,Low [0-30]
14324217,1,91,52,Highest (80 +
14338870,1,25,12,Low [0-30]
14338917,1,85,77,Highest (80 +
14338944,2,35,32,Medium (30 - 50]
14339139,1,44,25,Medium (30 - 50]
14339139,2,41,19,Medium (30 - 50]
14339147,1,79,38,High (51 - 80]
14339182,1,64,54,High (51 - 80]
14339401,1,59,30,High (51 - 80]
14339410,1,40,83,Medium (30 - 50]
14339433,1,58,46,High (51 - 80]
14339485,1,90,61,Highest (80 +
14339502,1,92,68,Highest (80 +
14339504,1,83,70,Highest (80 +
14339512,1,97,53,Highest (80 +
14339661,1,90,75,Highest (80 +
14341774,1,41,4,Medium (30 - 50]
14341801,1,57,6,High (51 - 80]
14341832,1,111,1,Highest (80 +
14341833,1,72,1,High (51 - 80]
14341840,1,68,1,High (51 - 80]
14341843,1,88,7,Highest (80 +
14341853,1,119,3,Highest (80 +
14341855,1,103,1,Highest (80 +
14341869,1,102,1,Highest (80 +
14341870,1,88,1,Highest (80 +
14341925,1,119,1,Highest (80 +
14341928,1,94,1,Highest (80 +
14341935,1,76,1,High (51 - 80]
14341937,1,114,2,Highest (80 +
14342395,1,90,8,Highest (80 +
14342396,1,85,4,Highest (80 +
14342642,1,107,2,Highest (80 +
14342645,1,93,11,Highest (80 +
14342655,1,117,6,Highest (80 +
14342656,1,115,1,Highest (80 +
14342707,1,118,0,Highest (80 +
14342709,1,119,7,Highest (80 +
14342725,1,118,0,Highest (80 +
14342737,1,117,0,Highest (80 +
14342740,1,113,6,Highest (80 +
14342770,1,106,9,Highest (80 +
14342775,1,107,14,Highest (80 +
14342784,1,91,8,Highest (80 +
14342787,1,96,7,Highest (80 +
14342886,1,94,1,Highest (80 +
14342900,1,92,10,Highest (80 +
14342952,1,84,1,Highest (80 +
14342990,1,77,1,High (51 - 80]
14378454,1,35,81,Medium (30 - 50]
14378472,1,64,73,High (51 - 80]
14378477,1,39,65,Medium (30 - 50]
14378651,1,72,13,High (51 - 80]
14378652,2,73,72,High (51 - 80]
14406656,2,56,5,High (51 - 80]
14406949,1,91,1,Highest (80 +
14406987,1,82,1,Highest (80 +
14406996,1,78,1,High (51 - 80]
14407394,1,82,46,Highest (80 +
14407399,1,78,3,High (51 - 80]
14407436,1,75,3,High (51 - 80]
14407439,1,73,52,High (51 - 80]
14407750,1,100,11,Highest (80 +
14407960,1,72,1,High (51 - 80]
14407999,1,80,1,High (51 - 80]
14408007,1,99,8,Highest (80 +
14437322,1,117,10,Highest (80 +
14437826,1,68,37,High (51 - 80]
14437889,1,85,68,Highest (80 +
14437894,1,74,17,High (51 - 80]
14437901,1,82,23,Highest (80 +
14437917,1,91,66,Highest (80 +
14437962,1,51,39,High (51 - 80]
14437967,1,85,45,Highest (80 +
14437981,1,74,59,High (51 - 80]
14438000,1,76,53,High (51 - 80]
14438058,1,88,81,Highest (80 +
14438066,1,90,39,Highest (80 +
14438096,1,84,51,Highest (80 +
14438102,1,81,43,Highest (80 +
14438126,1,38,0,Medium (30 - 50]
14438126,2,37,0,Medium (30 - 50]
14438127,1,42,1,Medium (30 - 50]
14438127,2,40,0,Medium (30 - 50]
14438184,1,101,6,Highest (80 +
14438186,1,90,70,Highest (80 +
14438255,1,66,12,High (51 - 80]
14438352,1,86,35,Highest (80 +
14438365,1,82,5,Highest (80 +
14438451,1,92,16,Highest (80 +
14438452,1,100,76,Highest (80 +
14781305,1,36,94,Medium (30 - 50]
14781932,1,30,56,Low [0-30]
14782349,1,28,80,Low [0-30]
14782480,1,15,25,Low [0-30]
14783090,1,21,54,Low [0-30]
14783245,1,20,64,Low [0-30]
14783561,1,19,52,Low [0-30]
14783632,1,34,46,Medium (30 - 50]
14784002,1,23,11,Low [0-30]
14784363,1,17,19,Low [0-30]
14785866,1,19,39,Low [0-30]
14785963,1,17,49,Low [0-30]
14786207,1,20,75,Low [0-30]
14787061,1,12,13,Low [0-30]
14787343,1,17,48,Low [0-30]
14791533,NULL,NULL,0,NULL
14791766,1,50,63,Medium (30 - 50]
14794438,1,29,93,Low [0-30]
14794988,1,33,93,Medium (30 - 50]
14795503,1,42,26,Medium (30 - 50]
14795856,1,49,10,Medium (30 - 50]
14795856,2,51,2,High (51 - 80]
14798183,1,19,71,Low [0-30]
14799577,1,30,68,Low [0-30]
14799706,1,21,91,Low [0-30]
14801337,1,34,26,Medium (30 - 50]
14801337,2,35,28,Medium (30 - 50]
14801679,1,35,29,Medium (30 - 50]
14801679,2,35,25,Medium (30 - 50]
14801834,1,29,25,Low [0-30]
14801834,2,28,33,Low [0-30]
14801921,1,29,47,Low [0-30]
14802356,1,72,32,High (51 - 80]
14802552,1,41,6,Medium (30 - 50]
14802632,1,70,17,High (51 - 80]
14802803,1,53,21,High (51 - 80]
14873155,1,26,0,Low [0-30]
14873155,2,27,0,Low [0-30]
14873515,1,26,77,Low [0-30]
14887702,1,16,12,Low [0-30]
14887718,1,31,1,Medium (30 - 50]
14887718,2,28,1,Low [0-30]
14887780,2,29,15,Low [0-30]
14888697,1,44,26,Medium (30 - 50]
14888697,2,43,36,Medium (30 - 50]
14888749,1,94,43,Highest (80 +
14888755,1,89,55,Highest (80 +
14890678,1,34,0,Medium (30 - 50]
14890678,2,30,0,Low [0-30]
14891408,1,28,41,Low [0-30]
14899375,1,108,8,Highest (80 +
14899400,1,87,1,Highest (80 +
14904476,1,26,90,Low [0-30]
14904611,1,45,51,Medium (30 - 50]
14904666,1,59,19,High (51 - 80]
14904948,1,79,16,High (51 - 80]
14904980,1,74,7,High (51 - 80]
14904997,1,78,14,High (51 - 80]
15090404,1,103,88,Highest (80 +
15090405,1,103,76,Highest (80 +
15090598,1,33,95,Medium (30 - 50]
15090599,1,59,73,High (51 - 80]
15090601,1,39,95,Medium (30 - 50]
15090602,1,31,66,Medium (30 - 50]
15090608,1,30,90,Low [0-30]
15090623,1,68,42,High (51 - 80]
15090626,1,85,9,Highest (80 +
15090628,1,98,78,Highest (80 +
15090629,1,80,83,High (51 - 80]
15090630,1,83,62,Highest (80 +
15090631,1,62,53,High (51 - 80]
15090633,1,71,83,High (51 - 80]
15090634,1,58,69,High (51 - 80]
15219509,1,67,33,High (51 - 80]
15219510,1,44,75,Medium (30 - 50]
15219511,1,70,19,High (51 - 80]
15219512,1,77,86,High (51 - 80]
15219514,1,45,22,Medium (30 - 50]
15219515,1,46,28,Medium (30 - 50]
15219516,1,41,37,Medium (30 - 50]
15219519,1,23,3,Low [0-30]
15219519,2,24,3,Low [0-30]
15219534,1,31,69,Medium (30 - 50]
15219540,1,26,1,Low [0-30]
15219540,2,27,1,Low [0-30]
15238693,1,95,29,Highest (80 +
15239782,1,105,10,Highest (80 +
15687795,1,29,28,Low [0-30]
15690172,1,31,0,Medium (30 - 50]
15690172,2,31,1,Medium (30 - 50]
15690315,1,29,0,Low [0-30]
15690315,2,23,0,Low [0-30]
15695535,1,21,14,Low [0-30]
15696316,1,28,66,Low [0-30]
15696619,1,28,23,Low [0-30]
15696619,2,26,27,Low [0-30]
15697039,1,15,0,Low [0-30]
15697039,2,20,0,Low [0-30]
15702080,1,39,33,Medium (30 - 50]
15703057,1,13,0,Low [0-30]
15703057,2,12,0,Low [0-30]
15704662,1,22,47,Low [0-30]
15726834,1,32,3,Medium (30 - 50]
15726834,2,31,33,Medium (30 - 50]
15728590,1,30,23,Low [0-30]
15728590,2,30,16,Low [0-30]
15743376,1,28,44,Low [0-30]
15743495,1,29,45,Low [0-30]
15799550,1,24,0,Low [0-30]
15799550,2,23,0,Low [0-30]
15805450,2,15,0,Low [0-30]
15805472,1,27,38,Low [0-30]
15881500,1,21,88,Low [0-30]
15920660,1,18,7,Low [0-30]
15922374,1,8,0,Low [0-30]
15922374,2,18,0,Low [0-30]
15923583,1,22,20,Low [0-30]
16088930,1,30,17,Low [0-30]
16090874,NULL,NULL,0,NULL
16144516,1,30,83,Low [0-30]
16145392,1,29,20,Low [0-30]
16145860,1,20,18,Low [0-30]
16145864,1,18,18,Low [0-30]
16145958,1,16,27,Low [0-30]
16146843,2,6,0,Low [0-30]
16147060,1,20,7,Low [0-30]
16147969,1,28,72,Low [0-30]
16150369,1,35,75,Medium (30 - 50]
16150783,1,30,9,Low [0-30]
16150783,2,28,13,Low [0-30]
16154571,1,25,78,Low [0-30]
16154753,1,18,63,Low [0-30]
16154822,1,23,68,Low [0-30]
16154829,1,26,67,Low [0-30]
16156658,1,19,58,Low [0-30]
16158051,1,31,93,Medium (30 - 50]
16381772,1,22,51,Low [0-30]
16385487,NULL,NULL,0,NULL
16667967,1,43,12,Medium (30 - 50]
16667967,2,46,6,Medium (30 - 50]
16814897,1,26,20,Low [0-30]
16814925,1,24,32,Low [0-30]
16815008,1,30,18,Low [0-30]
16815016,1,23,12,Low [0-30]
16815873,1,27,5,Low [0-30]
16892331,1,42,18,Medium (30 - 50]
16892679,1,24,13,Low [0-30]
16894131,1,73,47,High (51 - 80]
16895087,1,34,24,Medium (30 - 50]
16895962,1,30,0,Low [0-30]
16895962,2,37,0,Medium (30 - 50]
17480218,1,35,30,Medium (30 - 50]
17480218,2,34,28,Medium (30 - 50]
17486232,1,33,55,Medium (30 - 50]
17488017,1,59,55,High (51 - 80]
17488523,1,36,11,Medium (30 - 50]
17488523,2,35,11,Medium (30 - 50]
17696301,1,51,4,High (51 - 80]
17696301,2,51,3,High (51 - 80]
17696567,1,56,3,High (51 - 80]
17696567,2,59,2,High (51 - 80]
17696616,1,33,6,Medium (30 - 50]
18136358,1,55,40,High (51 - 80]
18136358,2,56,52,High (51 - 80]
18139988,1,21,5,Low [0-30]
18140050,1,32,23,Medium (30 - 50]
18617191,1,69,9,High (51 - 80]
18617246,1,52,39,High (51 - 80]
18617454,1,64,35,High (51 - 80]
18617633,1,52,51,High (51 - 80]
18617707,1,45,39,Medium (30 - 50]
18617788,1,34,6,Medium (30 - 50]
18622305,1,63,42,High (51 - 80]
18622622,1,20,7,Low [0-30]
18623557,1,28,37,Low [0-30]
18623648,1,41,51,Medium (30 - 50]
18623648,2,42,51,Medium (30 - 50]
18625212,1,23,0,Low [0-30]
18625212,2,21,0,Low [0-30]
18632550,1,39,18,Medium (30 - 50]
18632550,2,42,22,Medium (30 - 50]
18635489,1,44,1,Medium (30 - 50]
18635489,2,43,0,Medium (30 - 50]
18637135,1,44,90,Medium (30 - 50]
18654586,1,26,16,Low [0-30]
18700068,1,31,72,Medium (30 - 50]
18810376,1,32,63,Medium (30 - 50]
18811754,1,37,67,Medium (30 - 50]
18812926,1,34,79,Medium (30 - 50]
18925406,1,57,6,High (51 - 80]
18925681,1,56,5,High (51 - 80]
19221631,1,56,7,High (51 - 80]
19221636,1,69,15,High (51 - 80]
19221642,1,81,11,Highest (80 +
19221646,1,71,5,High (51 - 80]
19786337,1,71,41,High (51 - 80]
19786339,1,67,84,High (51 - 80]
19786340,1,76,47,High (51 - 80]
19786341,1,73,79,High (51 - 80]
19786373,1,101,1,Highest (80 +
19786374,1,101,3,Highest (80 +
19786376,1,105,2,Highest (80 +
19786384,1,102,4,Highest (80 +
19786385,1,100,37,Highest (80 +
19786386,1,102,3,Highest (80 +
19786387,1,103,16,Highest (80 +
19789057,1,66,86,High (51 - 80]
19789058,1,74,25,High (51 - 80]
19789059,1,77,65,High (51 - 80]
19789060,1,78,24,High (51 - 80]
19789406,1,39,34,Medium (30 - 50]
19789484,1,29,19,Low [0-30]
19789484,2,23,1,Low [0-30]
19789488,1,25,78,Low [0-30]
19789493,1,26,13,Low [0-30]
19789840,1,19,5,Low [0-30]
19789871,1,30,62,Low [0-30]
19789935,1,32,67,Medium (30 - 50]
19789971,NULL,NULL,0,NULL
19790122,1,27,34,Low [0-30]
19790125,NULL,NULL,0,NULL
19790247,1,21,19,Low [0-30]
19790312,1,26,20,Low [0-30]
19790331,1,31,14,Medium (30 - 50]
19790533,1,33,95,Medium (30 - 50]
19790559,1,14,48,Low [0-30]
19790561,1,17,6,Low [0-30]
19790564,1,14,15,Low [0-30]
19790569,1,29,83,Low [0-30]
19790871,1,18,59,Low [0-30]
19791060,1,22,91,Low [0-30]
19791216,1,38,21,Medium (30 - 50]
19791216,2,30,3,Low [0-30]
19803323,1,21,87,Low [0-30]
19803559,1,33,15,Medium (30 - 50]
19803639,1,46,86,Medium (30 - 50]
19803724,1,42,79,Medium (30 - 50]
19850515,1,91,7,Highest (80 +
19850519,1,92,8,Highest (80 +
19850573,1,60,12,High (51 - 80]
19850756,1,76,16,High (51 - 80]
19850757,1,92,1,Highest (80 +
19850762,1,93,0,Highest (80 +
19850978,1,88,3,Highest (80 +
19850985,1,87,10,Highest (80 +
19851074,1,88,4,Highest (80 +
19860042,1,37,86,Medium (30 - 50]
19860561,1,30,0,Low [0-30]
19860561,2,31,0,Medium (30 - 50]
19871806,1,58,8,High (51 - 80]
19871806,2,56,6,High (51 - 80]
19872066,1,34,4,Medium (30 - 50]
19872098,1,32,9,Medium (30 - 50]
19881345,1,21,19,Low [0-30]
19881346,1,19,40,Low [0-30]
19900173,1,87,63,Highest (80 +
19951266,1,22,69,Low [0-30]
19985238,2,37,23,Medium (30 - 50]
20022222,1,22,1,Low [0-30]
20022222,2,21,2,Low [0-30]
20022671,1,23,10,Low [0-30]
20032957,1,59,85,High (51 - 80]
20033188,1,30,81,Low [0-30]
20033219,1,19,39,Low [0-30]
20033707,1,30,7,Low [0-30]
20036296,1,26,43,Low [0-30]
20036354,1,35,23,Medium (30 - 50]
20036475,1,17,65,Low [0-30]
20037389,1,57,75,High (51 - 80]
20038764,1,38,33,Medium (30 - 50]
20086054,1,18,90,Low [0-30]
20105346,1,30,0,Low [0-30]
20105346,2,25,0,Low [0-30]
20105357,1,27,25,Low [0-30]
20105357,2,28,37,Low [0-30]
20144698,1,32,54,Medium (30 - 50]
20144698,2,28,12,Low [0-30]
20144882,1,24,0,Low [0-30]
20144882,2,29,0,Low [0-30]
20145353,1,18,63,Low [0-30]
20145927,1,17,66,Low [0-30]
20146522,1,16,84,Low [0-30]
20146668,1,19,41,Low [0-30]
20147165,1,25,55,Low [0-30]
20148576,1,27,13,Low [0-30]
20172191,1,52,18,High (51 - 80]
20172193,1,39,6,Medium (30 - 50]
20172193,2,40,3,Medium (30 - 50]
20220802,1,34,75,Medium (30 - 50]
20220825,1,29,44,Low [0-30]
20221463,1,26,87,Low [0-30]
20221477,1,22,56,Low [0-30]
20227194,1,32,38,Medium (30 - 50]
20227291,1,30,63,Low [0-30]
20228466,1,29,32,Low [0-30]
20228466,2,30,40,Low [0-30]
20229915,1,43,16,Medium (30 - 50]
20229915,2,43,12,Medium (30 - 50]
20274781,1,16,0,Low [0-30]
20274781,2,16,0,Low [0-30]
20310889,1,22,60,Low [0-30]
20378405,1,59,80,High (51 - 80]
20378474,1,63,47,High (51 - 80]
20388520,1,23,0,Low [0-30]
20388520,2,19,0,Low [0-30]
20388527,1,31,1,Medium (30 - 50]
20388527,2,27,0,Low [0-30]
20392044,1,70,11,High (51 - 80]
20392053,1,63,14,High (51 - 80]
20392077,1,76,9,High (51 - 80]
20393032,1,29,37,Low [0-30]
20393163,1,26,87,Low [0-30]
20393467,1,24,52,Low [0-30]
20393598,NULL,NULL,0,NULL
20393886,1,34,69,Medium (30 - 50]
20393886,2,37,34,Medium (30 - 50]
20394085,1,12,0,Low [0-30]
20394085,2,12,0,Low [0-30]
20394234,1,20,0,Low [0-30]
20394234,2,22,0,Low [0-30]
20394488,1,21,86,Low [0-30]
20395154,1,35,95,Medium (30 - 50]
20395291,1,42,94,Medium (30 - 50]
20395355,1,39,95,Medium (30 - 50]
20395391,1,50,94,Medium (30 - 50]
20395407,NULL,NULL,0,NULL
20395768,1,28,5,Low [0-30]
20395768,2,28,16,Low [0-30]
20395919,1,17,38,Low [0-30]
20395927,1,23,9,Low [0-30]
20395980,1,30,69,Low [0-30]
20396289,1,31,42,Medium (30 - 50]
20396289,2,30,13,Low [0-30]
20397021,1,37,95,Medium (30 - 50]
20420010,1,28,45,Low [0-30]
20420095,1,33,74,Medium (30 - 50]
20420383,1,20,31,Low [0-30]
20420982,1,20,61,Low [0-30]
20422342,2,27,43,Low [0-30]
20423008,1,28,25,Low [0-30]
20841937,1,35,93,Medium (30 - 50]
21137381,1,99,14,Highest (80 +
21137387,1,97,1,Highest (80 +
21137420,1,97,20,Highest (80 +
21137426,1,94,1,Highest (80 +
21307259,1,102,1,Highest (80 +
21416013,1,22,32,Low [0-30]
21655334,1,24,2,Low [0-30]
21655334,2,19,2,Low [0-30]
21655337,1,34,41,Medium (30 - 50]
21655525,1,27,86,Low [0-30]
21655653,1,32,23,Medium (30 - 50]
21655653,2,30,19,Low [0-30]
21655876,1,34,44,Medium (30 - 50]
21655876,2,31,31,Medium (30 - 50]
21656002,1,16,0,Low [0-30]
21656002,2,22,0,Low [0-30]
21656237,1,35,21,Medium (30 - 50]
21656237,2,32,13,Medium (30 - 50]
21656331,1,23,0,Low [0-30]
21656331,2,26,0,Low [0-30]
21656337,1,42,41,Medium (30 - 50]
21656337,2,40,46,Medium (30 - 50]
21659768,1,33,85,Medium (30 - 50]
21660401,1,33,63,Medium (30 - 50]
21660401,2,31,65,Medium (30 - 50]
21714170,1,96,5,Highest (80 +
21714171,1,104,0,Highest (80 +
21714179,1,99,0,Highest (80 +
22569371,1,102,21,Highest (80 +
22569373,1,103,73,Highest (80 +
22569374,1,102,17,Highest (80 +
22569375,1,103,81,Highest (80 +
22597733,2,46,8,Medium (30 - 50]
22597734,1,43,68,Medium (30 - 50]
22597735,2,53,2,High (51 - 80]
22597736,2,33,23,Medium (30 - 50]
23199746,1,30,13,Low [0-30]
23199746,2,32,10,Medium (30 - 50]
23199747,1,30,3,Low [0-30]
23199747,2,31,5,Medium (30 - 50]
23206891,1,38,87,Medium (30 - 50]
23207080,1,26,92,Low [0-30]
25393186,1,15,19,Low [0-30]
26136588,1,63,13,High (51 - 80]
26136590,1,77,18,High (51 - 80]
26622527,1,22,60,Low [0-30]
27250157,1,102,15,Highest (80 +
27250165,1,104,12,Highest (80 +
27250168,1,97,14,Highest (80 +
27261390,1,81,3,Highest (80 +
27261401,1,91,1,Highest (80 +
27261405,1,94,6,Highest (80 +
27261824,1,87,22,Highest (80 +
27261839,NULL,NULL,0,NULL
27261840,1,37,4,Medium (30 - 50]
27261842,1,38,5,Medium (30 - 50]
27261843,1,37,4,Medium (30 - 50]
27261862,NULL,NULL,0,NULL
27261883,1,47,89,Medium (30 - 50]
27261960,1,33,88,Medium (30 - 50]
27261982,1,38,69,Medium (30 - 50]
27261983,1,29,41,Low [0-30]
27261987,1,25,54,Low [0-30]
27261988,1,42,60,Medium (30 - 50]
27262256,NULL,NULL,0,NULL
27262257,1,119,0,Highest (80 +
27262267,1,112,7,Highest (80 +
27882789,1,18,19,Low [0-30]
34109569,1,23,12,Low [0-30]
34122845,1,35,94,Medium (30 - 50]
34122846,1,38,94,Medium (30 - 50]
34204306,1,27,85,Low [0-30]
34234013,1,33,56,Medium (30 - 50]
34234013,2,35,38,Medium (30 - 50]
34234014,NULL,NULL,0,NULL
34240235,1,98,1,Highest (80 +
34375874,1,23,30,Low [0-30]
34376427,1,23,1,Low [0-30]
34376427,2,23,1,Low [0-30]
34388410,1,15,23,Low [0-30]
34388476,1,22,47,Low [0-30]
34389783,1,19,95,Low [0-30]
34389784,1,24,60,Low [0-30]
34389785,1,28,95,Low [0-30]
34389786,1,25,92,Low [0-30]
34389787,1,12,88,Low [0-30]
34389788,1,20,95,Low [0-30]
34389951,1,20,95,Low [0-30]
34390094,1,33,69,Medium (30 - 50]
34408356,NULL,NULL,0,NULL
34586063,1,95,63,Highest (80 +
34586064,1,89,18,Highest (80 +
34632062,1,90,82,Highest (80 +
34632087,1,99,80,Highest (80 +
34632088,1,104,5,Highest (80 +
34632091,1,88,14,Highest (80 +
34632092,1,100,64,Highest (80 +
34632656,1,89,85,Highest (80 +
34632657,1,87,36,Highest (80 +
34632659,1,89,34,Highest (80 +
34632709,1,87,31,Highest (80 +
34632710,1,56,34,High (51 - 80]
34632712,1,93,29,Highest (80 +
34632714,1,85,7,Highest (80 +
34632757,NULL,NULL,0,NULL
34632758,1,103,82,Highest (80 +
34632759,1,101,9,Highest (80 +
34632785,1,99,67,Highest (80 +
34632786,1,81,13,Highest (80 +
34632787,1,91,24,Highest (80 +
34632789,1,98,72,Highest (80 +
35192890,1,55,52,High (51 - 80]
35192892,1,60,21,High (51 - 80]
35192893,1,60,66,High (51 - 80]
35192898,1,49,59,Medium (30 - 50]
35192899,1,52,68,High (51 - 80]
35192910,1,48,43,Medium (30 - 50]
35192912,1,91,7,Highest (80 +
35192913,1,91,1,Highest (80 +
35192914,1,93,4,Highest (80 +
35192915,1,93,1,Highest (80 +
35354844,1,27,70,Low [0-30]
35354845,1,27,13,Low [0-30]
35354845,2,22,4,Low [0-30]
35354995,1,39,51,Medium (30 - 50]
35354996,1,38,79,Medium (30 - 50]
35354997,1,32,67,Medium (30 - 50]
35355043,1,25,76,Low [0-30]
35355046,1,26,86,Low [0-30]
35355047,1,37,95,Medium (30 - 50]
35355049,1,27,95,Low [0-30]
35355131,NULL,NULL,0,NULL
35355893,1,86,70,Highest (80 +
35355895,1,33,7,Medium (30 - 50]
35355895,2,32,13,Medium (30 - 50]
35355896,1,27,1,Low [0-30]
35355896,2,28,2,Low [0-30]
35355897,1,24,0,Low [0-30]
35355897,2,25,0,Low [0-30]
35356271,1,80,43,High (51 - 80]
36889396,1,25,68,Low [0-30]
37043360,1,25,63,Low [0-30]
37047940,1,23,53,Low [0-30]
37568472,1,16,40,Low [0-30]
39065941,1,70,1,High (51 - 80]
39065963,1,106,0,Highest (80 +
39065981,1,61,1,High (51 - 80]
39066007,1,35,3,Medium (30 - 50]
39066855,1,111,8,Highest (80 +
39350237,1,24,67,Low [0-30]
39350238,NULL,NULL,0,NULL
39350623,1,42,95,Medium (30 - 50]
39350624,1,32,87,Medium (30 - 50]
39350625,NULL,NULL,0,NULL
39350712,1,44,93,Medium (30 - 50]
39351198,NULL,NULL,0,NULL
39351199,1,30,66,Low [0-30]
39351199,2,30,67,Low [0-30]
39351515,1,27,20,Low [0-30]
39351515,2,22,16,Low [0-30]
41160205,1,82,1,Highest (80 +
43953989,1,42,72,Medium (30 - 50]
43954003,1,31,16,Medium (30 - 50]
44157291,1,58,15,High (51 - 80]
44158581,1,32,9,Medium (30 - 50]
44158581,2,38,2,Medium (30 - 50]
44398629,1,42,5,Medium (30 - 50]
44624473,1,90,5,Highest (80 +
44676634,1,24,30,Low [0-30]
44770629,1,58,1,High (51 - 80]
44770629,2,51,1,High (51 - 80]
44771236,1,45,4,Medium (30 - 50]
45849236,1,62,12,High (51 - 80]
46615822,1,35,16,Medium (30 - 50]
46615822,2,34,28,Medium (30 - 50]
46616788,1,38,21,Medium (30 - 50]
46617505,1,27,30,Low [0-30]
46894780,1,57,39,High (51 - 80]
46894783,1,76,24,High (51 - 80]
46894784,1,84,18,Highest (80 +
46894786,1,55,42,High (51 - 80]
47577428,1,21,78,Low [0-30]
48864913,1,107,1,Highest (80 +
48864919,1,86,0,Highest (80 +
48865933,1,95,3,Highest (80 +
48865935,1,94,3,Highest (80 +
51710870,1,52,42,High (51 - 80]
51710874,1,58,44,High (51 - 80]
51710875,1,61,28,High (51 - 80]
51710876,1,56,21,High (51 - 80]
51710877,1,45,26,Medium (30 - 50]
51710878,1,69,6,High (51 - 80]
51710879,1,44,13,Medium (30 - 50]
51710880,1,70,11,High (51 - 80]
51710882,1,46,21,Medium (30 - 50]
51710886,1,55,17,High (51 - 80]
52977150,1,41,0,Medium (30 - 50]
52977150,2,34,0,Medium (30 - 50]
52977183,1,93,59,Highest (80 +
52977275,1,82,2,Highest (80 +
53015177,1,67,0,High (51 - 80]
54611927,1,106,6,Highest (80 +
54612544,1,111,11,Highest (80 +
54612788,1,63,0,High (51 - 80]
54612789,1,59,0,High (51 - 80]
54612791,1,59,1,High (51 - 80]
54612795,1,56,1,High (51 - 80]
54612796,1,75,0,High (51 - 80]
54613009,1,82,2,Highest (80 +
54613010,1,69,0,High (51 - 80]
54613011,1,104,2,Highest (80 +
54613017,1,71,0,High (51 - 80]
54855972,1,39,94,Medium (30 - 50]
54855973,1,38,90,Medium (30 - 50]
54856669,1,54,39,High (51 - 80]
54857132,1,91,52,Highest (80 +
54857133,1,81,27,Highest (80 +
54857294,1,84,51,Highest (80 +
54857336,1,81,29,Highest (80 +
54857337,1,65,18,High (51 - 80]
54857338,1,86,6,Highest (80 +
54857340,1,60,9,High (51 - 80]
54857712,1,65,67,High (51 - 80]
54857714,1,87,25,Highest (80 +
55355814,1,26,74,Low [0-30]
55355815,1,33,80,Medium (30 - 50]
59191733,1,17,0,Low [0-30]
59191733,2,11,0,Low [0-30]
59194301,1,86,16,Highest (80 +
59242421,1,79,23,High (51 - 80]
59242422,1,90,37,Highest (80 +
59242425,1,50,25,Medium (30 - 50]
59242427,1,68,36,High (51 - 80]
59242928,1,41,92,Medium (30 - 50]
59243441,1,85,59,Highest (80 +
59243444,1,43,54,Medium (30 - 50]
59243446,1,79,16,High (51 - 80]
59243777,1,101,1,Highest (80 +
59243778,1,103,2,Highest (80 +
59243779,1,108,1,Highest (80 +
59282344,1,80,60,High (51 - 80]
59282352,1,49,5,Medium (30 - 50]
59282353,1,65,63,High (51 - 80]
59282354,1,94,12,Highest (80 +
62233772,1,50,95,Medium (30 - 50]
62233773,1,27,61,Low [0-30]
62233773,2,27,55,Low [0-30]
74321921,1,21,71,Low [0-30]
74333809,1,23,80,Low [0-30]
74333815,1,20,70,Low [0-30]
74340352,1,29,82,Low [0-30]
74341071,1,28,81,Low [0-30]
74341077,1,40,53,Medium (30 - 50]
74341077,2,37,65,Medium (30 - 50]
74341082,1,31,12,Medium (30 - 50]
74341082,2,29,7,Low [0-30]
74342833,1,25,57,Low [0-30]
74587570,1,19,3,Low [0-30]
79276922,1,36,7,Medium (30 - 50]
79276922,2,29,0,Low [0-30]
79277406,1,29,0,Low [0-30]
79277406,2,22,0,Low [0-30]
88647150,1,19,28,Low [0-30]
88656422,1,12,23,Low [0-30]
88656425,1,14,14,Low [0-30]
91077094,1,33,14,Medium (30 - 50]
91077095,1,57,52,High (51 - 80]
91077098,1,75,0,High (51 - 80]
91077105,1,90,2,Highest (80 +
91077108,1,40,5,Medium (30 - 50]
91077110,1,40,7,Medium (30 - 50]
94831798,1,36,16,Medium (30 - 50]
94831799,1,45,73,Medium (30 - 50]
94831806,1,35,59,Medium (30 - 50]
104079773,1,18,41,Low [0-30]
104079774,1,22,0,Low [0-30]
104079774,2,13,0,Low [0-30]
104081818,1,32,72,Medium (30 - 50]
104081826,1,28,75,Low [0-30]
104084189,1,23,0,Low [0-30]
104084189,2,19,0,Low [0-30]
104084193,1,31,37,Medium (30 - 50]
104084193,2,30,51,Low [0-30]
104157990,1,19,0,Low [0-30]
104157990,2,13,1,Low [0-30]
104157992,NULL,NULL,0,NULL
104214892,1,31,32,Medium (30 - 50]
104214892,2,32,43,Medium (30 - 50]
104214899,1,32,0,Medium (30 - 50]
104214899,2,31,0,Medium (30 - 50]
104534405,1,40,22,Medium (30 - 50]
104534405,2,37,27,Medium (30 - 50]
107736214,1,34,94,Medium (30 - 50]
107736218,1,36,4,Medium (30 - 50]
107736218,2,33,5,Medium (30 - 50]
107736220,1,27,70,Low [0-30]
107736221,1,39,94,Medium (30 - 50]
107736917,1,36,89,Medium (30 - 50]
107881693,1,22,10,Low [0-30]
107881697,1,30,34,Low [0-30]
107881698,1,23,11,Low [0-30]
107898602,1,27,55,Low [0-30]
107909195,NULL,NULL,0,NULL
107920519,1,38,53,Medium (30 - 50]
107920528,1,36,17,Medium (30 - 50]
107920798,1,27,70,Low [0-30]
107920802,1,31,35,Medium (30 - 50]
107920806,1,32,41,Medium (30 - 50]
107920811,1,24,84,Low [0-30]
107920814,1,18,27,Low [0-30]
107920815,1,27,58,Low [0-30]
107920822,1,27,74,Low [0-30]
107920826,1,22,31,Low [0-30]
107920998,1,40,94,Medium (30 - 50]
107922082,1,20,0,Low [0-30]
107922082,2,13,0,Low [0-30]
107922084,1,39,29,Medium (30 - 50]
107922084,2,34,21,Medium (30 - 50]
107922087,1,17,0,Low [0-30]
107922087,2,14,0,Low [0-30]
107935474,1,34,55,Medium (30 - 50]
107935567,1,22,88,Low [0-30]
107935568,1,43,95,Medium (30 - 50]
107959904,1,14,0,Low [0-30]
107959904,2,13,0,Low [0-30]
107959905,1,31,2,Medium (30 - 50]
107959905,2,29,0,Low [0-30]
110162320,1,18,25,Low [0-30]
110163794,1,20,40,Low [0-30]
110164263,1,19,70,Low [0-30]
110164265,1,21,86,Low [0-30]
110164267,1,21,82,Low [0-30]
110306604,1,22,44,Low [0-30]
110306612,1,18,21,Low [0-30]
110351228,1,17,28,Low [0-30]
110425795,1,29,58,Low [0-30]
110431087,1,18,71,Low [0-30]
110431089,1,29,75,Low [0-30]
110445426,1,32,74,Medium (30 - 50]
110445426,2,33,78,Medium (30 - 50]
111291109,NULL,NULL,0,NULL
111291115,1,32,32,Medium (30 - 50]
111291115,2,33,31,Medium (30 - 50]
112188985,1,22,1,Low [0-30]
112188985,2,19,1,Low [0-30]
112282616,NULL,NULL,0,NULL
112282618,1,26,58,Low [0-30]
112282622,NULL,NULL,0,NULL
112282624,1,27,91,Low [0-30]
112282633,1,37,95,Medium (30 - 50]
112282636,1,26,95,Low [0-30]
112282637,1,33,95,Medium (30 - 50]
112282638,NULL,NULL,0,NULL
112282640,1,19,80,Low [0-30]
112282641,NULL,NULL,0,NULL
112282642,1,27,46,Low [0-30]
112282644,NULL,NULL,0,NULL
112282648,NULL,NULL,0,NULL
112282649,1,29,74,Low [0-30]
112282656,1,33,95,Medium (30 - 50]
112282659,1,29,82,Low [0-30]
112282664,1,32,95,Medium (30 - 50]
112282669,1,24,19,Low [0-30]
112282670,1,35,76,Medium (30 - 50]
112282670,2,36,77,Medium (30 - 50]
112282671,1,30,47,Low [0-30]
112282671,2,30,34,Low [0-30]
112282673,1,33,56,Medium (30 - 50]
112282673,2,36,63,Medium (30 - 50]
112282679,1,25,95,Low [0-30]
112282686,1,31,77,Medium (30 - 50]
112282687,2,16,17,Low [0-30]
112283286,1,37,94,Medium (30 - 50]
112283291,NULL,NULL,0,NULL
112283293,1,33,92,Medium (30 - 50]
112283296,1,30,44,Low [0-30]
112283312,NULL,NULL,0,NULL
112283956,1,19,53,Low [0-30]
112283957,1,31,94,Medium (30 - 50]
112283958,1,15,32,Low [0-30]
112283959,NULL,NULL,0,NULL
112283960,1,16,21,Low [0-30]
112283962,1,20,52,Low [0-30]
112283963,NULL,NULL,0,NULL
112283964,1,23,78,Low [0-30]
112283968,1,25,45,Low [0-30]
112283970,1,17,59,Low [0-30]
112333000,1,50,92,Medium (30 - 50]
112333005,1,21,43,Low [0-30]
112333010,1,30,49,Low [0-30]
113342119,1,29,20,Low [0-30]
113342119,2,29,25,Low [0-30]
113342130,1,25,8,Low [0-30]
113342134,1,24,95,Low [0-30]
113342138,1,18,2,Low [0-30]
113342138,2,14,5,Low [0-30]
113342145,1,26,58,Low [0-30]
113342151,1,30,95,Low [0-30]
113342163,1,17,39,Low [0-30]
113342180,1,20,0,Low [0-30]
113342180,2,16,0,Low [0-30]
113342182,1,18,0,Low [0-30]
113342182,2,22,0,Low [0-30]
113342188,1,18,0,Low [0-30]
113342188,2,17,0,Low [0-30]
113342195,1,19,9,Low [0-30]
113342199,1,18,0,Low [0-30]
113342199,2,25,0,Low [0-30]
113342215,1,30,95,Low [0-30]
114626775,NULL,NULL,0,NULL
114626779,1,29,1,Low [0-30]
114626779,2,26,2,Low [0-30]
114626786,1,19,29,Low [0-30]
115576067,1,21,1,Low [0-30]
115576067,2,25,1,Low [0-30]
115576069,NULL,NULL,0,NULL
118356966,1,29,6,Low [0-30]
118356966,2,27,12,Low [0-30]
118356976,1,57,56,High (51 - 80]
118356995,1,53,11,High (51 - 80]
118357005,1,83,1,Highest (80 +
118357007,1,30,13,Low [0-30]
118357007,2,29,18,Low [0-30]
131623298,1,27,58,Low [0-30]
131630537,1,19,3,Low [0-30]
131630557,1,28,0,Low [0-30]
131630557,2,15,0,Low [0-30]
131630564,1,33,76,Medium (30 - 50]
131787375,1,45,94,Medium (30 - 50]
131787397,1,38,95,Medium (30 - 50]
131787402,1,27,35,Low [0-30]
131793003,1,23,46,Low [0-30]
131793031,NULL,NULL,0,NULL
131793033,1,31,22,Medium (30 - 50]
131793033,2,30,19,Low [0-30]
131798575,1,22,0,Low [0-30]
131798575,2,23,0,Low [0-30]
131798579,NULL,NULL,0,NULL
131815828,1,33,34,Medium (30 - 50]
131815831,1,90,83,Highest (80 +
131815874,1,35,95,Medium (30 - 50]
131815878,1,27,18,Low [0-30]
131815883,1,41,72,Medium (30 - 50]
131817371,1,36,50,Medium (30 - 50]
131817373,1,17,2,Low [0-30]
131848659,1,24,64,Low [0-30]
132129189,1,28,76,Low [0-30]
132129197,1,18,61,Low [0-30]
132129215,1,31,95,Medium (30 - 50]
132129227,1,26,82,Low [0-30]
132129229,1,22,69,Low [0-30]
132270821,1,28,10,Low [0-30]
132270821,2,26,8,Low [0-30]
132270822,1,15,81,Low [0-30]
132270823,1,22,1,Low [0-30]
132270823,2,20,1,Low [0-30]
132270824,1,29,35,Low [0-30]
132270824,2,30,36,Low [0-30]
132270826,1,20,0,Low [0-30]
132270826,2,28,1,Low [0-30]
132275094,1,24,2,Low [0-30]
132275094,2,19,3,Low [0-30]
132277184,1,31,41,Medium (30 - 50]
132277184,2,30,42,Low [0-30]
132381633,1,21,0,Low [0-30]
132381633,2,15,0,Low [0-30]
132381634,1,31,5,Medium (30 - 50]
132381634,2,32,6,Medium (30 - 50]
132386074,1,43,90,Medium (30 - 50]
132386077,NULL,NULL,0,NULL
132386079,1,15,45,Low [0-30]
132386081,1,28,81,Low [0-30]
132386082,1,23,80,Low [0-30]
132386083,1,38,64,Medium (30 - 50]
132386083,2,37,59,Medium (30 - 50]
132461231,1,11,0,Low [0-30]
132461231,2,15,0,Low [0-30]
132461244,1,29,45,Low [0-30]
132461245,1,27,68,Low [0-30]
132461247,1,35,80,Medium (30 - 50]
132461248,NULL,NULL,0,NULL
132461251,1,19,48,Low [0-30]
132461253,1,20,5,Low [0-30]
132461255,NULL,NULL,0,NULL
132559756,1,30,7,Low [0-30]
132559756,2,29,15,Low [0-30]
132575954,1,23,65,Low [0-30]
132575955,1,29,53,Low [0-30]
132575956,1,28,17,Low [0-30]
132575956,2,29,5,Low [0-30]
132575957,1,23,63,Low [0-30]
132576620,1,18,20,Low [0-30]
132576621,1,26,1,Low [0-30]
132576621,2,19,0,Low [0-30]
132576622,1,26,92,Low [0-30]
132576623,1,29,93,Low [0-30]
132576624,1,22,42,Low [0-30]
132576626,1,21,62,Low [0-30]
132618904,1,29,95,Low [0-30]
132618905,1,26,85,Low [0-30]
132618906,1,36,62,Medium (30 - 50]
132618906,2,35,32,Medium (30 - 50]
132618908,1,27,13,Low [0-30]
133175102,1,40,81,Medium (30 - 50]
133659478,1,27,44,Low [0-30]
133659479,1,29,3,Low [0-30]
133659479,2,26,2,Low [0-30]
135642028,1,36,18,Medium (30 - 50]
137841716,1,29,92,Low [0-30]
138167172,1,21,51,Low [0-30]
138942219,1,31,61,Medium (30 - 50]
138942891,1,33,27,Medium (30 - 50]
138942891,2,32,33,Medium (30 - 50]
138942893,1,30,48,Low [0-30]
138942895,1,32,55,Medium (30 - 50]
138949238,1,31,35,Medium (30 - 50]
139983436,NULL,NULL,0,NULL
139983449,1,44,12,Medium (30 - 50]
139983452,1,26,46,Low [0-30]
140039294,1,40,39,Medium (30 - 50]
140039297,1,54,54,High (51 - 80]
140039300,1,52,37,High (51 - 80]
141073199,1,28,2,Low [0-30]
141073199,2,29,2,Low [0-30]
141317146,1,15,82,Low [0-30]
141317476,1,31,86,Medium (30 - 50]
141350898,1,20,0,Low [0-30]
141350898,2,18,0,Low [0-30]
141353236,1,31,81,Medium (30 - 50]
145409595,1,42,81,Medium (30 - 50]
145888058,1,28,9,Low [0-30]
145888058,2,28,17,Low [0-30]
145888059,1,24,63,Low [0-30]
145888060,1,24,65,Low [0-30]
145888061,1,26,16,Low [0-30]
145888061,2,24,31,Low [0-30]
145891769,1,36,94,Medium (30 - 50]
145891770,1,19,87,Low [0-30]
145891771,1,27,65,Low [0-30]
145891772,1,26,91,Low [0-30]
145891774,1,27,88,Low [0-30]
146739574,1,15,44,Low [0-30]
156657655,1,23,25,Low [0-30]
156657660,1,35,6,Medium (30 - 50]
156657660,2,34,9,Medium (30 - 50]
158617737,1,18,20,Low [0-30]
159015978,1,40,38,Medium (30 - 50]
159015978,2,42,14,Medium (30 - 50]
159015980,1,29,65,Low [0-30]
159055449,1,24,91,Low [0-30]
159103260,1,31,80,Medium (30 - 50]
159103260,2,31,58,Medium (30 - 50]
159103261,1,24,4,Low [0-30]
159103261,2,26,23,Low [0-30]
159103458,1,31,95,Medium (30 - 50]
159104934,1,26,73,Low [0-30]
159104935,1,27,20,Low [0-30]
159105972,1,36,95,Medium (30 - 50]
159106473,1,28,18,Low [0-30]
159106473,2,28,11,Low [0-30]
159110954,1,33,31,Medium (30 - 50]
159110963,1,16,69,Low [0-30]
159110969,1,24,26,Low [0-30]
159110971,1,27,0,Low [0-30]
159110971,2,24,0,Low [0-30]
159110981,1,23,23,Low [0-30]
159350492,1,16,69,Low [0-30]
159354551,1,17,77,Low [0-30]
160172802,1,24,64,Low [0-30]
160172803,1,23,70,Low [0-30]
160172804,1,29,3,Low [0-30]
160172805,1,29,13,Low [0-30]
160172806,1,31,24,Medium (30 - 50]
160172807,1,29,45,Low [0-30]
160172808,1,30,4,Low [0-30]
160172809,1,18,51,Low [0-30]
160172810,1,29,75,Low [0-30]
160172813,1,32,37,Medium (30 - 50]
160172814,1,30,18,Low [0-30]
160172815,1,34,21,Medium (30 - 50]
160172816,1,25,56,Low [0-30]
160172817,1,21,29,Low [0-30]
161567216,1,76,6,High (51 - 80]
161567225,1,62,30,High (51 - 80]
161573066,1,95,31,Highest (80 +
161573076,1,62,33,High (51 - 80]
161573077,1,34,25,Medium (30 - 50]
161573077,2,34,14,Medium (30 - 50]
161573080,NULL,NULL,0,NULL
161573082,1,84,72,Highest (80 +
161573089,1,40,1,Medium (30 - 50]
161573094,1,96,49,Highest (80 +
161573099,1,99,21,Highest (80 +
161573111,1,61,48,High (51 - 80]
161573115,1,81,8,Highest (80 +
161573118,1,49,1,Medium (30 - 50]
161573121,1,46,10,Medium (30 - 50]
161573126,1,88,26,Highest (80 +
161573132,1,71,3,High (51 - 80]
161573140,1,30,12,Low [0-30]
161573141,1,81,18,Highest (80 +
161738296,1,23,41,Low [0-30]
161738298,NULL,NULL,0,NULL
161746471,1,27,68,Low [0-30]
161746479,1,18,32,Low [0-30]
161765227,1,89,82,Highest (80 +
161765235,1,93,75,Highest (80 +
161765238,1,82,26,Highest (80 +
161765242,1,87,24,Highest (80 +
161798123,1,97,8,Highest (80 +
161798127,1,83,7,Highest (80 +
161798129,1,73,1,High (51 - 80]
161798131,1,82,17,Highest (80 +
161798132,1,86,5,Highest (80 +
161798133,1,92,81,Highest (80 +
161977574,1,49,85,Medium (30 - 50]
162009713,1,54,36,High (51 - 80]
162012787,1,53,9,High (51 - 80]
162269554,1,23,28,Low [0-30]
162269556,1,26,68,Low [0-30]
162269559,1,31,0,Medium (30 - 50]
162269559,2,31,0,Medium (30 - 50]
162279694,1,82,31,Highest (80 +
162279696,1,62,51,High (51 - 80]
162285555,1,97,84,Highest (80 +
162285561,1,90,22,Highest (80 +
162285563,1,82,18,Highest (80 +
162285565,1,97,86,Highest (80 +
162300463,1,48,2,Medium (30 - 50]
162300463,2,48,2,Medium (30 - 50]
162300469,1,50,42,Medium (30 - 50]
162300496,1,53,40,High (51 - 80]
162310829,NULL,NULL,0,NULL
162310842,1,75,13,High (51 - 80]
162314594,1,93,26,Highest (80 +
162363500,1,29,53,Low [0-30]
162380371,1,47,73,Medium (30 - 50]
162380372,1,27,83,Low [0-30]
162380374,1,55,70,High (51 - 80]
162380378,1,48,50,Medium (30 - 50]
162380380,1,55,48,High (51 - 80]
162380390,1,45,80,Medium (30 - 50]
162380392,1,39,4,Medium (30 - 50]
162381765,1,19,11,Low [0-30]
162381766,1,89,58,Highest (80 +
162381767,1,89,91,Highest (80 +
162540748,1,58,1,High (51 - 80]
162802290,1,84,19,Highest (80 +
162802296,1,56,3,High (51 - 80]
162802312,1,94,4,Highest (80 +
162802319,1,82,47,Highest (80 +
162802324,1,60,26,High (51 - 80]
162802326,1,85,14,Highest (80 +
162802332,NULL,NULL,0,NULL
162802336,1,93,54,Highest (80 +
162802338,NULL,NULL,0,NULL
162802340,1,51,63,High (51 - 80]
162802341,1,62,54,High (51 - 80]
162802342,1,98,78,Highest (80 +
162802343,1,55,2,High (51 - 80]
162802349,1,62,85,High (51 - 80]
162802351,1,95,37,Highest (80 +
162802359,1,71,15,High (51 - 80]
162802366,1,67,80,High (51 - 80]
162802371,1,82,75,Highest (80 +
162802373,1,83,51,Highest (80 +
162802376,1,81,23,Highest (80 +
162802378,1,105,28,Highest (80 +
162802379,1,35,57,Medium (30 - 50]
162818304,1,43,74,Medium (30 - 50]
163204850,1,59,82,High (51 - 80]
163204871,1,74,70,High (51 - 80]
163206094,1,44,38,Medium (30 - 50]
163206096,1,42,37,Medium (30 - 50]
163206100,1,21,22,Low [0-30]
163228733,1,103,13,Highest (80 +
163228748,1,105,15,Highest (80 +
163255736,1,73,86,High (51 - 80]
163255748,1,26,83,Low [0-30]
163255752,1,40,28,Medium (30 - 50]
163255752,2,40,40,Medium (30 - 50]
163255762,1,25,30,Low [0-30]
163255795,1,48,69,Medium (30 - 50]
163262465,1,20,28,Low [0-30]
163262467,1,42,78,Medium (30 - 50]
163262471,1,39,67,Medium (30 - 50]
163262472,1,76,27,High (51 - 80]
163270564,1,70,45,High (51 - 80]
163270565,1,79,24,High (51 - 80]
163270567,1,81,4,Highest (80 +
163270572,1,85,34,Highest (80 +
163270574,1,81,46,Highest (80 +
163270575,1,68,70,High (51 - 80]
163270580,1,90,8,Highest (80 +
163270585,1,81,43,Highest (80 +
163270587,1,99,24,Highest (80 +
163270593,1,87,28,Highest (80 +
163270594,1,98,79,Highest (80 +
163270596,1,91,49,Highest (80 +
163270600,1,55,18,High (51 - 80]
163270603,1,74,45,High (51 - 80]
163270605,1,94,61,Highest (80 +
163270606,1,55,14,High (51 - 80]
163270608,1,63,3,High (51 - 80]
163270615,1,95,61,Highest (80 +
163270616,1,91,12,Highest (80 +
163270617,1,68,21,High (51 - 80]
163270620,1,55,3,High (51 - 80]
163270627,1,83,19,Highest (80 +
163270629,1,78,13,High (51 - 80]
163270630,1,96,15,Highest (80 +
163270631,1,77,32,High (51 - 80]
163270639,1,77,9,High (51 - 80]
163270641,1,76,53,High (51 - 80]
163270642,1,91,6,Highest (80 +
163270643,1,88,25,Highest (80 +
163270648,1,69,20,High (51 - 80]
163270653,1,65,47,High (51 - 80]
163270654,1,69,8,High (51 - 80]
163270655,1,90,57,Highest (80 +
163272701,1,90,85,Highest (80 +
163272703,1,85,83,Highest (80 +
163272704,1,99,70,Highest (80 +
163272707,1,91,10,Highest (80 +
163272708,1,97,18,Highest (80 +
163272710,1,79,42,High (51 - 80]
163272711,1,94,74,Highest (80 +
163274478,1,56,2,High (51 - 80]
163274482,1,74,48,High (51 - 80]
163274488,1,96,15,Highest (80 +
163274491,1,56,8,High (51 - 80]
163274496,1,60,6,High (51 - 80]
163316725,1,41,32,Medium (30 - 50]
163316725,2,38,26,Medium (30 - 50]
163316731,1,20,3,Low [0-30]
163316732,1,50,35,Medium (30 - 50]
163316734,1,75,25,High (51 - 80]
163318295,1,26,2,Low [0-30]
163318302,1,30,19,Low [0-30]
163955073,1,19,79,Low [0-30]
164181437,NULL,NULL,0,NULL
164297316,1,36,41,Medium (30 - 50]
164342788,1,31,86,Medium (30 - 50]
164342797,1,35,41,Medium (30 - 50]
164353514,1,31,77,Medium (30 - 50]
164353515,1,26,0,Low [0-30]
164353515,2,28,0,Low [0-30]
164441241,NULL,NULL,0,NULL
164448133,1,27,21,Low [0-30]
164448434,1,46,95,Medium (30 - 50]
164602087,1,20,50,Low [0-30]
164602089,1,24,20,Low [0-30]
164602091,1,34,21,Medium (30 - 50]
164602091,2,32,7,Medium (30 - 50]
164602092,1,39,28,Medium (30 - 50]
164602095,1,34,40,Medium (30 - 50]
164602102,1,31,69,Medium (30 - 50]
164602103,1,30,68,Low [0-30]
164602107,1,30,3,Low [0-30]
164602107,2,27,0,Low [0-30]
164629451,1,28,49,Low [0-30]
164667350,1,86,2,Highest (80 +
164667351,1,80,55,High (51 - 80]
164667359,1,71,84,High (51 - 80]
164667362,1,60,5,High (51 - 80]
164673872,1,96,23,Highest (80 +
164673874,1,98,30,Highest (80 +
164753626,1,28,10,Low [0-30]
164819050,1,9,2,Low [0-30]
164819050,2,13,1,Low [0-30]
164821583,1,29,76,Low [0-30]
164861966,1,99,1,Highest (80 +
164861967,1,99,13,Highest (80 +
164861969,1,84,30,Highest (80 +
164861975,1,83,1,Highest (80 +
164861976,1,97,9,Highest (80 +
164861977,1,94,1,Highest (80 +
164861979,1,94,3,Highest (80 +
164861980,1,95,5,Highest (80 +
164861981,1,96,11,Highest (80 +
164861982,1,84,24,Highest (80 +
164861983,1,83,0,Highest (80 +
164861984,1,86,4,Highest (80 +
164861985,1,99,16,Highest (80 +
164861988,1,93,7,Highest (80 +
164861989,1,81,12,Highest (80 +
164861993,1,96,7,Highest (80 +
164861994,1,63,9,High (51 - 80]
164861996,1,74,2,High (51 - 80]
164861998,1,107,3,Highest (80 +
164862000,1,102,2,Highest (80 +
164862004,1,101,6,Highest (80 +
164862006,1,76,3,High (51 - 80]
164862008,1,91,31,Highest (80 +
164862010,1,89,25,Highest (80 +
164862011,1,84,1,Highest (80 +
164862013,1,75,6,High (51 - 80]
164862015,1,56,0,High (51 - 80]
164862016,1,88,1,Highest (80 +
164862018,1,77,1,High (51 - 80]
164862019,1,93,7,Highest (80 +
164862021,1,45,22,Medium (30 - 50]
164862022,1,77,39,High (51 - 80]
164862024,NULL,NULL,0,NULL
164862025,1,89,3,Highest (80 +
164862027,1,96,2,Highest (80 +
164862031,1,90,28,Highest (80 +
164862033,1,73,21,High (51 - 80]
164862034,1,64,4,High (51 - 80]
164862036,1,70,2,High (51 - 80]
164862037,1,88,8,Highest (80 +
164862038,1,89,1,Highest (80 +
164862041,1,96,8,Highest (80 +
164862042,1,87,68,Highest (80 +
164862043,1,91,13,Highest (80 +
164862045,1,97,29,Highest (80 +
164862046,1,79,4,High (51 - 80]
164862047,1,98,3,Highest (80 +
164862048,1,80,3,High (51 - 80]
164862049,1,97,6,Highest (80 +
164873992,NULL,NULL,0,NULL
164873994,1,95,16,Highest (80 +
164873996,1,73,27,High (51 - 80]
164873997,NULL,NULL,0,NULL
164874000,1,76,1,High (51 - 80]
164874003,1,53,19,High (51 - 80]
164874004,1,90,10,Highest (80 +
164874005,1,95,1,Highest (80 +
164874006,1,88,30,Highest (80 +
164874007,1,87,21,Highest (80 +
164880585,1,73,5,High (51 - 80]
164880599,1,53,17,High (51 - 80]
164880602,1,39,6,Medium (30 - 50]
164880611,NULL,NULL,0,NULL
164880618,1,45,32,Medium (30 - 50]
164880620,1,38,2,Medium (30 - 50]
164880620,2,31,1,Medium (30 - 50]
164880629,NULL,NULL,0,NULL
164880639,1,74,5,High (51 - 80]
164880640,1,63,0,High (51 - 80]
164880640,2,49,0,Medium (30 - 50]
164880646,1,60,37,High (51 - 80]
164880650,1,48,22,Medium (30 - 50]
164880652,1,80,13,High (51 - 80]
172685326,1,41,15,Medium (30 - 50]
172685326,2,39,5,Medium (30 - 50]
172806832,1,52,94,High (51 - 80]
172806833,1,35,76,Medium (30 - 50]
172806834,1,23,59,Low [0-30]
172806839,1,33,81,Medium (30 - 50]
172808985,1,25,4,Low [0-30]
172808985,2,27,6,Low [0-30]
172808991,1,23,25,Low [0-30]
172808996,1,21,0,Low [0-30]
172819920,1,19,31,Low [0-30]
172819928,1,39,10,Medium (30 - 50]
172819928,2,40,31,Medium (30 - 50]
172819929,1,34,11,Medium (30 - 50]
172819929,2,34,0,Medium (30 - 50]
173078364,1,36,30,Medium (30 - 50]
173078364,2,32,1,Medium (30 - 50]
173079217,1,71,7,High (51 - 80]
173079220,1,83,43,Highest (80 +
173079234,1,52,41,High (51 - 80]
173079239,1,64,14,High (51 - 80]
173079241,1,52,20,High (51 - 80]
173079244,1,37,60,Medium (30 - 50]
173656964,1,46,14,Medium (30 - 50]
173667819,1,33,0,Medium (30 - 50]
173667819,2,34,0,Medium (30 - 50]
173680209,1,46,61,Medium (30 - 50]
173732484,NULL,NULL,0,NULL
173732492,1,31,57,Medium (30 - 50]
173732492,2,30,58,Low [0-30]
173732503,1,27,68,Low [0-30]
173732503,2,28,45,Low [0-30]
173732504,1,16,14,Low [0-30]
173732504,2,19,4,Low [0-30]
173732506,1,35,65,Medium (30 - 50]
173732506,2,34,44,Medium (30 - 50]
173739844,1,58,14,High (51 - 80]
173758765,1,19,0,Low [0-30]
173758765,2,24,0,Low [0-30]
173758769,1,35,38,Medium (30 - 50]
173758769,2,35,36,Medium (30 - 50]
173758777,1,20,27,Low [0-30]
173771859,1,26,48,Low [0-30]
173771861,1,26,29,Low [0-30]
173773718,1,29,87,Low [0-30]
173773720,1,20,38,Low [0-30]
173773721,1,30,24,Low [0-30]
173773721,2,28,11,Low [0-30]
173788084,1,27,91,Low [0-30]
173810002,1,31,13,Medium (30 - 50]
173810002,2,33,4,Medium (30 - 50]
173810004,1,17,17,Low [0-30]
173810005,1,32,8,Medium (30 - 50]
173810005,2,29,14,Low [0-30]
173811268,1,23,0,Low [0-30]
173811268,2,21,0,Low [0-30]
173811270,1,27,1,Low [0-30]
173811270,2,31,1,Medium (30 - 50]
173822282,1,36,90,Medium (30 - 50]
173822286,1,24,54,Low [0-30]
173822287,1,28,18,Low [0-30]
173822287,2,27,5,Low [0-30]
173822289,1,23,0,Low [0-30]
173822289,2,24,0,Low [0-30]
173822295,1,29,70,Low [0-30]
173822295,2,28,54,Low [0-30]
173822298,1,34,76,Medium (30 - 50]
173822298,2,33,83,Medium (30 - 50]
173822302,1,27,54,Low [0-30]
173822305,1,30,32,Low [0-30]
173822305,2,31,26,Medium (30 - 50]
173822306,NULL,NULL,0,NULL
173905481,1,29,86,Low [0-30]
173908939,1,56,16,High (51 - 80]
173908940,1,67,17,High (51 - 80]
173908941,1,31,2,Medium (30 - 50]
173908941,2,29,3,Low [0-30]
173908942,1,46,0,Medium (30 - 50]
173908942,2,45,0,Medium (30 - 50]
173908943,1,62,33,High (51 - 80]
173911340,1,34,17,Medium (30 - 50]
173911342,2,23,6,Low [0-30]
174019373,1,46,92,Medium (30 - 50]
174019374,1,30,95,Low [0-30]
174019380,1,25,95,Low [0-30]
174019382,1,21,54,Low [0-30]
174053999,1,21,0,Low [0-30]
174053999,2,24,0,Low [0-30]
174054009,1,32,2,Medium (30 - 50]
174054009,2,30,3,Low [0-30]
174054026,NULL,NULL,0,NULL
174083562,1,21,0,Low [0-30]
174083562,2,18,0,Low [0-30]
174486699,1,26,95,Low [0-30]
174486709,1,21,85,Low [0-30]
174486712,1,23,85,Low [0-30]
174486714,NULL,NULL,0,NULL
174486715,NULL,NULL,0,NULL
174486716,1,37,95,Medium (30 - 50]
174512299,1,20,1,Low [0-30]
174512299,2,20,0,Low [0-30]
174512300,1,22,0,Low [0-30]
174512300,2,13,0,Low [0-30]
174512301,NULL,NULL,0,NULL
174512302,NULL,NULL,0,NULL
174512303,1,21,2,Low [0-30]
174512303,2,24,1,Low [0-30]
174512304,1,31,32,Medium (30 - 50]
174512304,2,31,24,Medium (30 - 50]
174512306,NULL,NULL,0,NULL
174512307,1,14,4,Low [0-30]
174512308,1,22,66,Low [0-30]
174537421,1,29,86,Low [0-30]
174537468,1,23,36,Low [0-30]
174537477,1,34,38,Medium (30 - 50]
174537477,2,33,9,Medium (30 - 50]
174547342,1,32,21,Medium (30 - 50]
174547342,2,34,29,Medium (30 - 50]
174633577,1,32,89,Medium (30 - 50]
174633580,1,19,19,Low [0-30]
174633583,NULL,NULL,0,NULL
174636300,1,16,7,Low [0-30]
174636302,1,17,1,Low [0-30]
174636302,2,17,0,Low [0-30]
174636303,1,14,10,Low [0-30]
174683918,1,30,73,Low [0-30]
174683931,1,32,70,Medium (30 - 50]
174683933,1,42,78,Medium (30 - 50]
174683937,1,40,86,Medium (30 - 50]
175273656,1,18,0,Low [0-30]
175273656,2,21,1,Low [0-30]
175724175,1,77,63,High (51 - 80]
175820460,1,35,16,Medium (30 - 50]
175820460,2,34,34,Medium (30 - 50]
175867398,1,29,16,Low [0-30]
175891276,1,19,0,Low [0-30]
175891276,2,16,0,Low [0-30]
175891277,1,24,64,Low [0-30]
175891281,1,25,39,Low [0-30]
175891283,1,20,43,Low [0-30]
175891284,1,33,43,Medium (30 - 50]
175891284,2,34,46,Medium (30 - 50]
176013135,1,41,52,Medium (30 - 50]
176033831,1,31,44,Medium (30 - 50]
176033831,2,34,38,Medium (30 - 50]
176202435,1,37,12,Medium (30 - 50]
176202435,2,35,19,Medium (30 - 50]
176202449,1,25,47,Low [0-30]
176314220,1,35,7,Medium (30 - 50]
176314220,2,32,8,Medium (30 - 50]
176314240,1,29,6,Low [0-30]
176314240,2,31,7,Medium (30 - 50]
176336255,1,35,92,Medium (30 - 50]
176341403,1,26,35,Low [0-30]
176341404,NULL,NULL,0,NULL
176341405,1,31,66,Medium (30 - 50]
176341406,1,31,88,Medium (30 - 50]
176341407,1,33,87,Medium (30 - 50]
176341408,1,36,87,Medium (30 - 50]
176341410,NULL,NULL,0,NULL
176341411,NULL,NULL,0,NULL
176341412,1,30,71,Low [0-30]
176341435,1,23,16,Low [0-30]
176341445,1,31,92,Medium (30 - 50]
176341446,1,30,91,Low [0-30]
176341447,1,31,94,Medium (30 - 50]
176341448,1,17,0,Low [0-30]
176341448,2,20,0,Low [0-30]
176341449,NULL,NULL,0,NULL
176341450,1,17,1,Low [0-30]
176341450,2,20,1,Low [0-30]
176341451,1,29,2,Low [0-30]
176341451,2,21,1,Low [0-30]
176341452,1,20,0,Low [0-30]
176341452,2,20,0,Low [0-30]
176341453,1,21,80,Low [0-30]
176341454,1,29,87,Low [0-30]
176341455,1,27,84,Low [0-30]
176341456,1,25,90,Low [0-30]
176341457,1,29,93,Low [0-30]
176341458,NULL,NULL,0,NULL
176341459,1,23,1,Low [0-30]
176341459,2,21,0,Low [0-30]
176341460,1,34,35,Medium (30 - 50]
176341460,2,33,22,Medium (30 - 50]
176355831,1,44,67,Medium (30 - 50]
176356939,1,51,79,High (51 - 80]
176358350,1,33,76,Medium (30 - 50]
176358350,2,32,82,Medium (30 - 50]
176358356,1,27,20,Low [0-30]
176358356,2,27,11,Low [0-30]
176359852,1,31,72,Medium (30 - 50]
176359852,2,31,43,Medium (30 - 50]
176359876,1,27,87,Low [0-30]
176442073,1,26,5,Low [0-30]
176442074,1,42,67,Medium (30 - 50]
176614975,1,32,44,Medium (30 - 50]
176657207,1,29,33,Low [0-30]
176657207,2,30,49,Low [0-30]
176657210,1,32,31,Medium (30 - 50]
176657210,2,33,47,Medium (30 - 50]
176657211,1,25,7,Low [0-30]
176657211,2,28,19,Low [0-30]
176665177,1,14,77,Low [0-30]
176665179,1,27,55,Low [0-30]
176665180,1,21,11,Low [0-30]
176665181,NULL,NULL,0,NULL
176665182,1,30,92,Low [0-30]
176665183,1,22,27,Low [0-30]
176665184,1,22,90,Low [0-30]
176665188,1,26,95,Low [0-30]
176665194,1,18,25,Low [0-30]
176665195,NULL,NULL,0,NULL
176665196,1,26,95,Low [0-30]
176665201,1,16,89,Low [0-30]
176665205,NULL,NULL,0,NULL
176665216,1,16,23,Low [0-30]
176665218,1,21,4,Low [0-30]
176665229,1,12,27,Low [0-30]
176665230,1,28,25,Low [0-30]
176665230,2,28,42,Low [0-30]
176665233,1,29,18,Low [0-30]
176665233,2,29,30,Low [0-30]
176721954,1,25,31,Low [0-30]
176721956,1,32,95,Medium (30 - 50]
176721957,1,28,11,Low [0-30]
176721958,1,38,88,Medium (30 - 50]
176721960,1,43,89,Medium (30 - 50]
176721961,1,37,72,Medium (30 - 50]
176721961,2,35,39,Medium (30 - 50]
176721962,1,32,74,Medium (30 - 50]
176721968,1,30,40,Low [0-30]
176721969,1,46,84,Medium (30 - 50]
176726695,1,29,20,Low [0-30]
176726695,2,30,18,Low [0-30]
176726698,1,27,81,Low [0-30]
176726701,1,24,13,Low [0-30]
176726702,1,23,15,Low [0-30]
176726704,1,30,70,Low [0-30]
176726708,NULL,NULL,0,NULL
176726713,1,27,8,Low [0-30]
176726713,2,30,16,Low [0-30]
176726716,1,32,83,Medium (30 - 50]
176726718,NULL,NULL,0,NULL
176726720,NULL,NULL,0,NULL
176726721,1,31,26,Medium (30 - 50]
176726721,2,29,32,Low [0-30]
176726724,1,32,20,Medium (30 - 50]
176726724,2,30,28,Low [0-30]
176726727,1,31,40,Medium (30 - 50]
176726727,2,32,45,Medium (30 - 50]
176726734,1,17,19,Low [0-30]
176728591,1,18,12,Low [0-30]
176728592,1,48,91,Medium (30 - 50]
176728594,1,33,40,Medium (30 - 50]
176728595,1,45,87,Medium (30 - 50]
176728596,1,39,29,Medium (30 - 50]
176728597,1,38,75,Medium (30 - 50]
176728598,1,40,91,Medium (30 - 50]
176728599,NULL,NULL,0,NULL
176728600,1,32,82,Medium (30 - 50]
176728601,1,29,40,Low [0-30]
176728605,1,25,23,Low [0-30]
176728605,2,27,39,Low [0-30]
176728606,1,25,53,Low [0-30]
176728608,1,30,37,Low [0-30]
176728611,1,31,8,Medium (30 - 50]
176817313,1,65,0,High (51 - 80]
176817315,1,73,8,High (51 - 80]
176838726,NULL,NULL,0,NULL
176838730,1,34,0,Medium (30 - 50]
176838730,2,36,0,Medium (30 - 50]
176838731,1,34,30,Medium (30 - 50]
176838731,2,33,21,Medium (30 - 50]
176838737,NULL,NULL,0,NULL
176959112,NULL,NULL,0,NULL
176959272,1,56,87,High (51 - 80]
176959278,NULL,NULL,0,NULL
176962956,1,23,22,Low [0-30]
176963075,1,30,33,Low [0-30]
178607930,1,50,42,Medium (30 - 50]
179375178,1,24,5,Low [0-30]
179375188,1,39,26,Medium (30 - 50]
179500166,1,11,0,Low [0-30]
179500166,2,13,0,Low [0-30]
180688165,1,22,2,Low [0-30]
180688165,2,27,1,Low [0-30]
180688166,1,33,94,Medium (30 - 50]
180689471,1,46,70,Medium (30 - 50]
180689472,1,48,65,Medium (30 - 50]
181014004,1,101,0,Highest (80 +
181014004,2,45,0,Medium (30 - 50]
181412462,1,34,87,Medium (30 - 50]
181412467,2,25,5,Low [0-30]
181417003,NULL,NULL,0,NULL
181499257,NULL,NULL,0,NULL
181504395,1,36,90,Medium (30 - 50]
181504396,1,34,92,Medium (30 - 50]
181505568,1,31,91,Medium (30 - 50]
181919275,1,41,93,Medium (30 - 50]
181919282,1,54,93,High (51 - 80]
182043746,1,21,82,Low [0-30]
182512253,NULL,NULL,0,NULL
182512255,1,28,89,Low [0-30]
182512257,1,17,44,Low [0-30]
182512258,1,29,90,Low [0-30]
183902312,1,35,93,Medium (30 - 50]
186596021,1,33,16,Medium (30 - 50]
186596021,2,32,12,Medium (30 - 50]
188079412,1,32,77,Medium (30 - 50]
188337318,1,21,0,Low [0-30]
188337318,2,17,0,Low [0-30]
188677229,1,79,45,High (51 - 80]
189090860,1,19,0,Low [0-30]
189090860,2,23,0,Low [0-30]
189539286,1,40,61,Medium (30 - 50]
189539286,2,38,61,Medium (30 - 50]
189594367,1,30,10,Low [0-30]
189594367,2,30,6,Low [0-30]
189597078,1,50,4,Medium (30 - 50]
189597078,2,54,13,High (51 - 80]
189597079,1,33,0,Medium (30 - 50]
189597079,2,20,0,Low [0-30]
189597080,1,29,0,Low [0-30]
189597080,2,18,0,Low [0-30]
189883444,1,40,6,Medium (30 - 50]
189883444,2,42,7,Medium (30 - 50]
189883445,1,35,10,Medium (30 - 50]
189888632,1,43,10,Medium (30 - 50]
190325687,1,64,20,High (51 - 80]
190334772,1,34,82,Medium (30 - 50]
194127232,1,27,82,Low [0-30]
194127235,1,34,65,Medium (30 - 50]
194127235,2,34,56,Medium (30 - 50]
195220896,NULL,NULL,0,NULL
195231611,1,75,83,High (51 - 80]
195231612,1,64,85,High (51 - 80]
195231613,1,31,22,Medium (30 - 50]
195231614,NULL,NULL,0,NULL
195231615,1,57,84,High (51 - 80]
195231616,1,59,70,High (51 - 80]
195231617,1,57,87,High (51 - 80]
195231618,1,46,87,Medium (30 - 50]
195231619,NULL,NULL,0,NULL
195231620,NULL,NULL,0,NULL
195231621,1,51,22,High (51 - 80]
195231622,1,60,88,High (51 - 80]
195231623,1,39,62,Medium (30 - 50]
195231650,1,31,8,Medium (30 - 50]
195231651,1,43,22,Medium (30 - 50]
195231655,1,30,17,Low [0-30]
195231656,1,25,5,Low [0-30]
195231659,NULL,NULL,0,NULL
195231665,1,46,6,Medium (30 - 50]
195231666,1,34,14,Medium (30 - 50]
195231667,1,42,60,Medium (30 - 50]
195231668,1,59,71,High (51 - 80]
195625778,1,46,92,Medium (30 - 50]
195625780,1,30,23,Low [0-30]
195625785,1,28,30,Low [0-30]
195625788,1,50,94,Medium (30 - 50]
195625791,1,43,86,Medium (30 - 50]
195625792,1,47,89,Medium (30 - 50]
195625794,1,48,72,Medium (30 - 50]
195625796,1,46,85,Medium (30 - 50]
195625798,1,46,86,Medium (30 - 50]
195625800,NULL,NULL,0,NULL
195625802,NULL,NULL,0,NULL
195625805,1,29,13,Low [0-30]
195625805,2,28,2,Low [0-30]
195625811,1,27,13,Low [0-30]
195625813,NULL,NULL,0,NULL
195645105,1,37,25,Medium (30 - 50]
195645107,1,49,22,Medium (30 - 50]
195645107,2,51,12,High (51 - 80]
195645109,NULL,NULL,0,NULL
195645111,1,43,0,Medium (30 - 50]
195645111,2,45,0,Medium (30 - 50]
195645112,1,37,18,Medium (30 - 50]
195645115,1,32,5,Medium (30 - 50]
195645116,1,37,11,Medium (30 - 50]
195645116,2,38,9,Medium (30 - 50]
197107694,1,37,79,Medium (30 - 50]
197107695,1,32,87,Medium (30 - 50]
197107696,1,29,95,Low [0-30]
197107697,1,16,26,Low [0-30]
197107699,1,25,95,Low [0-30]
197107701,1,16,0,Low [0-30]
197107701,2,15,0,Low [0-30]
197107702,1,20,71,Low [0-30]
197107706,1,34,34,Medium (30 - 50]
197107707,1,21,78,Low [0-30]
197295215,1,34,95,Medium (30 - 50]
197295217,1,37,78,Medium (30 - 50]
197295220,NULL,NULL,0,NULL
197295221,1,32,39,Medium (30 - 50]
197295222,1,33,84,Medium (30 - 50]
200368962,1,23,8,Low [0-30]
200368964,1,14,8,Low [0-30]
200368966,1,36,23,Medium (30 - 50]
200368966,2,35,10,Medium (30 - 50]
200375674,1,39,41,Medium (30 - 50]
200375675,1,21,12,Low [0-30]
200375676,1,20,20,Low [0-30]
200375677,1,21,27,Low [0-30]
200375678,1,33,55,Medium (30 - 50]
200375679,1,38,11,Medium (30 - 50]
200375679,2,37,19,Medium (30 - 50]
200375680,1,26,80,Low [0-30]
200375681,1,27,74,Low [0-30]
200375682,1,28,75,Low [0-30]
200375683,1,24,10,Low [0-30]
200375684,1,23,23,Low [0-30]
200375685,NULL,NULL,0,NULL
200375686,1,33,92,Medium (30 - 50]
200375690,1,44,3,Medium (30 - 50]
200375694,1,36,88,Medium (30 - 50]
200375695,1,38,64,Medium (30 - 50]
200375700,NULL,NULL,0,NULL
200375701,1,20,0,Low [0-30]
200375701,2,24,0,Low [0-30]
200375702,1,22,1,Low [0-30]
200375702,2,19,0,Low [0-30]
200375703,1,31,9,Medium (30 - 50]
200375703,2,32,6,Medium (30 - 50]
200375706,NULL,NULL,0,NULL
200375707,NULL,NULL,0,NULL
200375708,1,35,50,Medium (30 - 50]
200375709,1,28,40,Low [0-30]
200375713,1,26,2,Low [0-30]
200392007,1,18,25,Low [0-30]
200504273,1,50,67,Medium (30 - 50]
200504279,1,38,95,Medium (30 - 50]
200504287,NULL,NULL,0,NULL
200504294,1,42,76,Medium (30 - 50]
200504295,1,37,89,Medium (30 - 50]
200504296,1,28,70,Low [0-30]
200504297,1,29,64,Low [0-30]
200504298,1,33,56,Medium (30 - 50]
200504299,1,35,94,Medium (30 - 50]
200504300,1,40,89,Medium (30 - 50]
200504301,1,44,92,Medium (30 - 50]
200504302,1,23,82,Low [0-30]
200504303,1,30,87,Low [0-30]
200504304,1,34,93,Medium (30 - 50]
200504305,1,40,93,Medium (30 - 50]
200504306,1,40,81,Medium (30 - 50]
200504307,1,36,94,Medium (30 - 50]
200504308,1,48,59,Medium (30 - 50]
200504314,NULL,NULL,0,NULL
200504338,1,39,89,Medium (30 - 50]
200504342,NULL,NULL,0,NULL
200512102,1,46,91,Medium (30 - 50]
200512103,1,34,48,Medium (30 - 50]
200512105,1,39,85,Medium (30 - 50]
200512107,1,50,71,Medium (30 - 50]
200512109,1,25,66,Low [0-30]
200512110,1,18,62,Low [0-30]
200512112,1,20,24,Low [0-30]
200512113,1,48,76,Medium (30 - 50]
200512116,1,38,78,Medium (30 - 50]
200512117,1,37,52,Medium (30 - 50]
200512118,1,36,66,Medium (30 - 50]
200512121,1,28,60,Low [0-30]
200512123,1,30,69,Low [0-30]
200512124,1,29,5,Low [0-30]
200512124,2,24,4,Low [0-30]
200512125,1,35,91,Medium (30 - 50]
200512126,1,24,59,Low [0-30]
200512130,1,24,12,Low [0-30]
200524832,NULL,NULL,0,NULL
200524833,1,22,77,Low [0-30]
200524834,1,30,95,Low [0-30]
200524835,1,25,94,Low [0-30]
200524836,1,25,91,Low [0-30]
200524838,1,17,71,Low [0-30]
200524845,1,25,95,Low [0-30]
200524848,1,25,95,Low [0-30]
200524849,1,22,92,Low [0-30]
200524850,1,20,17,Low [0-30]
200524851,1,29,75,Low [0-30]
200524852,1,30,31,Low [0-30]
200524853,1,21,43,Low [0-30]
200524854,1,21,74,Low [0-30]
200524855,1,20,85,Low [0-30]
200524856,1,24,64,Low [0-30]
200820981,NULL,NULL,0,NULL
200820983,1,43,89,Medium (30 - 50]
200820984,1,36,89,Medium (30 - 50]
200820985,1,36,89,Medium (30 - 50]
200820994,1,23,28,Low [0-30]
200820995,1,22,28,Low [0-30]
200821002,1,31,6,Medium (30 - 50]
200821002,2,28,12,Low [0-30]
206881244,1,40,95,Medium (30 - 50]
206889665,1,42,93,Medium (30 - 50]
206889666,1,30,84,Low [0-30]
206892512,1,26,41,Low [0-30]
206892512,2,26,20,Low [0-30]
206892513,1,28,72,Low [0-30]
206892517,1,24,7,Low [0-30]
206892517,2,22,5,Low [0-30]
207024067,1,24,4,Low [0-30]
207024071,1,20,45,Low [0-30]
207024075,1,28,28,Low [0-30]
207024077,1,40,90,Medium (30 - 50]
207024079,1,33,44,Medium (30 - 50]
207024082,1,49,74,Medium (30 - 50]
207024086,1,53,88,High (51 - 80]
207024087,1,41,95,Medium (30 - 50]
207024091,1,41,78,Medium (30 - 50]
207024091,2,40,55,Medium (30 - 50]
207024099,1,39,40,Medium (30 - 50]
207024101,1,25,53,Low [0-30]
207024111,1,22,1,Low [0-30]
207024111,2,18,1,Low [0-30]
207024112,NULL,NULL,0,NULL
207094482,1,40,95,Medium (30 - 50]
207094484,1,29,72,Low [0-30]
207094486,NULL,NULL,0,NULL
207094487,1,44,95,Medium (30 - 50]
207094488,1,28,8,Low [0-30]
207094488,2,25,8,Low [0-30]
207094489,1,31,94,Medium (30 - 50]
207094492,1,33,95,Medium (30 - 50]
207094496,NULL,NULL,0,NULL
207094498,1,14,25,Low [0-30]
207094502,1,30,25,Low [0-30]
207094502,2,29,29,Low [0-30]
207094503,1,28,9,Low [0-30]
207094503,2,28,8,Low [0-30]
207312699,1,35,37,Medium (30 - 50]
207312700,1,12,0,Low [0-30]
207312700,2,19,0,Low [0-30]
207312701,1,28,6,Low [0-30]
207312701,2,24,2,Low [0-30]
207312702,1,22,86,Low [0-30]
207312703,1,36,94,Medium (30 - 50]
207312705,1,33,6,Medium (30 - 50]
207312705,2,31,7,Medium (30 - 50]
207312706,1,30,53,Low [0-30]
207312706,2,32,59,Medium (30 - 50]
211682735,1,22,93,Low [0-30]
212708198,1,24,83,Low [0-30]
212708753,1,19,1,Low [0-30]
212708753,2,22,2,Low [0-30]
212711737,1,25,79,Low [0-30]
213508964,1,17,0,Low [0-30]
213508964,2,15,0,Low [0-30]
213516652,2,32,46,Medium (30 - 50]
213518448,1,32,66,Medium (30 - 50]
213581218,1,90,25,Highest (80 +
213853701,1,34,95,Medium (30 - 50]
213910032,1,38,26,Medium (30 - 50]
213910032,2,39,32,Medium (30 - 50]
215069359,1,71,0,High (51 - 80]
215069360,1,50,3,Medium (30 - 50]
215069361,1,75,3,High (51 - 80]
215069362,1,74,0,High (51 - 80]
218863754,2,19,0,Low [0-30]
218863992,2,28,10,Low [0-30]
218863996,1,39,15,Medium (30 - 50]
218863996,2,37,13,Medium (30 - 50]
218864005,1,13,0,Low [0-30]
218864005,2,16,0,Low [0-30]
218864687,1,38,8,Medium (30 - 50]
218864687,2,41,5,Medium (30 - 50]
219407208,1,35,23,Medium (30 - 50]
225141754,1,71,11,High (51 - 80]
225143402,1,35,22,Medium (30 - 50]
225156552,1,33,0,Medium (30 - 50]
225156552,2,31,0,Medium (30 - 50]
225156553,1,44,5,Medium (30 - 50]
225156554,2,23,2,Low [0-30]
225156555,1,45,0,Medium (30 - 50]
225156555,2,27,0,Low [0-30]
225156556,1,54,2,High (51 - 80]
225156556,2,53,0,High (51 - 80]
237358561,1,38,19,Medium (30 - 50]
237358561,2,37,31,Medium (30 - 50]
237358562,1,24,0,Low [0-30]
237358562,2,33,0,Medium (30 - 50]
237358563,1,23,0,Low [0-30]
237358563,2,28,0,Low [0-30]
237358564,1,32,0,Medium (30 - 50]
237358564,2,34,0,Medium (30 - 50]
237358567,1,32,0,Medium (30 - 50]
237358567,2,28,0,Low [0-30]
240692824,1,99,29,Highest (80 +
248985502,1,72,1,High (51 - 80]
254666553,1,32,15,Medium (30 - 50]
254666553,2,31,13,Medium (30 - 50]
254666555,1,39,21,Medium (30 - 50]
254666555,2,37,28,Medium (30 - 50]
256798923,1,23,22,Low [0-30]
256798923,2,27,14,Low [0-30]
257192521,1,31,26,Medium (30 - 50]
257192521,2,31,18,Medium (30 - 50]
257199512,1,19,49,Low [0-30]
257725243,1,31,1,Medium (30 - 50]
257725243,2,30,1,Low [0-30]
259655046,1,31,88,Medium (30 - 50]
260188994,1,28,3,Low [0-30]
260188994,2,29,1,Low [0-30]
260942355,2,25,0,Low [0-30]
260942356,1,35,87,Medium (30 - 50]
261282531,1,36,9,Medium (30 - 50]
261282533,NULL,NULL,0,NULL
262422833,1,20,44,Low [0-30]
262422835,1,19,39,Low [0-30]
262772484,1,29,8,Low [0-30]
262772484,2,27,10,Low [0-30]
265317282,1,30,62,Low [0-30]
265318714,1,17,12,Low [0-30]
268946577,1,97,4,Highest (80 +
269016545,1,56,35,High (51 - 80]
269876416,1,41,13,Medium (30 - 50]
269876448,1,31,14,Medium (30 - 50]
269876448,2,31,19,Medium (30 - 50]
279708527,1,27,1,Low [0-30]
279708527,2,26,1,Low [0-30]
279708531,1,34,28,Medium (30 - 50]
279708531,2,34,14,Medium (30 - 50]
279708532,1,27,1,Low [0-30]
279708532,2,26,1,Low [0-30]
279717957,1,36,95,Medium (30 - 50]
280612812,1,28,8,Low [0-30]
280612812,2,28,10,Low [0-30]
280613884,NULL,NULL,0,NULL
280613885,1,19,0,Low [0-30]
282044815,1,16,22,Low [0-30]
282671265,1,40,53,Medium (30 - 50]
282671266,1,32,35,Medium (30 - 50]
282671266,2,34,29,Medium (30 - 50]
282894052,1,19,2,Low [0-30]
288512185,NULL,NULL,0,NULL
297145190,1,25,0,Low [0-30]
297145190,2,30,0,Low [0-30]
297145193,1,50,9,Medium (30 - 50]
297145215,1,29,3,Low [0-30]
297145215,2,29,4,Low [0-30]
302472924,1,24,94,Low [0-30]
303033884,1,31,1,Medium (30 - 50]
303033884,2,29,2,Low [0-30]
303033889,1,26,51,Low [0-30]
303216126,1,68,14,High (51 - 80]
303216127,1,52,53,High (51 - 80]
303216128,1,71,12,High (51 - 80]
303216129,1,51,43,High (51 - 80]
303999856,1,115,2,Highest (80 +
303999857,1,113,0,Highest (80 +
303999858,1,102,0,Highest (80 +
303999859,1,107,1,Highest (80 +
307128067,1,44,60,Medium (30 - 50]
310405695,1,56,43,High (51 - 80]
310641346,1,35,76,Medium (30 - 50]
311169046,1,32,51,Medium (30 - 50]
311169046,2,30,31,Low [0-30]
311169056,1,21,38,Low [0-30]
311169057,1,64,40,High (51 - 80]
311793146,1,25,4,Low [0-30]
311793146,2,23,5,Low [0-30]
313937350,1,21,64,Low [0-30]
313937351,1,36,46,Medium (30 - 50]
313937351,2,35,38,Medium (30 - 50]
313996113,1,40,90,Medium (30 - 50]
316537405,1,27,24,Low [0-30]
316537406,1,18,38,Low [0-30]
318179042,1,27,93,Low [0-30]
318179043,1,30,94,Low [0-30]
318368248,2,57,11,High (51 - 80]
319245977,1,32,14,Medium (30 - 50]
319245977,2,32,13,Medium (30 - 50]
322436673,1,29,5,Low [0-30]
323314254,1,37,95,Medium (30 - 50]
323314255,1,33,69,Medium (30 - 50]
323314256,1,39,95,Medium (30 - 50]
323314257,1,29,50,Low [0-30]
323314258,1,39,95,Medium (30 - 50]
323314259,NULL,NULL,0,NULL
323314260,NULL,NULL,0,NULL
325280713,1,33,75,Medium (30 - 50]
328058705,1,77,36,High (51 - 80]
328058706,1,67,18,High (51 - 80]
328058724,NULL,NULL,0,NULL
328058725,1,54,3,High (51 - 80]
329599617,1,77,7,High (51 - 80]
329599618,1,37,2,Medium (30 - 50]
329599621,1,56,3,High (51 - 80]
329599624,1,90,5,Highest (80 +
329731961,1,30,61,Low [0-30]
329731961,2,31,51,Medium (30 - 50]
329731963,1,33,73,Medium (30 - 50]
329744489,1,28,74,Low [0-30]
329744490,1,41,95,Medium (30 - 50]
329744491,NULL,NULL,0,NULL
329864533,1,31,22,Medium (30 - 50]
330074676,1,55,4,High (51 - 80]
330090874,1,41,29,Medium (30 - 50]
330090874,2,42,6,Medium (30 - 50]
330090881,1,73,54,High (51 - 80]
330629620,1,58,18,High (51 - 80]
330638635,1,52,0,High (51 - 80]
330638635,2,47,0,Medium (30 - 50]
330655883,1,50,1,Medium (30 - 50]
330655884,1,53,1,High (51 - 80]
330655886,1,37,2,Medium (30 - 50]
330655889,1,46,10,Medium (30 - 50]
330655890,1,72,7,High (51 - 80]
331078081,1,62,1,High (51 - 80]
331078092,1,76,11,High (51 - 80]
331085885,1,70,28,High (51 - 80]
331085886,1,63,6,High (51 - 80]
331085887,1,79,20,High (51 - 80]
331096970,1,35,2,Medium (30 - 50]
331096972,1,34,2,Medium (30 - 50]
331096974,1,27,4,Low [0-30]
331096976,1,38,1,Medium (30 - 50]
331411716,1,19,40,Low [0-30]
331434689,1,30,54,Low [0-30]
331434695,1,27,60,Low [0-30]
331434700,1,88,78,Highest (80 +
331501437,1,41,1,Medium (30 - 50]
331501438,1,28,5,Low [0-30]
331514093,1,31,89,Medium (30 - 50]
331514096,1,23,73,Low [0-30]
331514097,NULL,NULL,0,NULL
331514099,1,19,69,Low [0-30]
331514104,1,29,89,Low [0-30]
331514105,1,20,21,Low [0-30]
331514106,1,25,61,Low [0-30]
331514107,1,20,51,Low [0-30]
331514108,1,30,67,Low [0-30]
331514109,1,34,18,Medium (30 - 50]
331514109,2,33,10,Medium (30 - 50]
331514111,1,29,50,Low [0-30]
331970539,1,40,2,Medium (30 - 50]
331970540,1,43,2,Medium (30 - 50]
332282301,1,81,12,Highest (80 +
332282307,1,76,49,High (51 - 80]
332282309,1,68,16,High (51 - 80]
332304241,1,51,59,High (51 - 80]
332304277,1,35,11,Medium (30 - 50]
332387958,1,93,12,Highest (80 +
332415188,1,77,17,High (51 - 80]
332415197,1,61,32,High (51 - 80]
332415199,1,52,39,High (51 - 80]
332542205,1,100,12,Highest (80 +
332542209,1,102,6,Highest (80 +
333132696,1,20,0,Low [0-30]
333132696,2,23,0,Low [0-30]
333132697,1,21,1,Low [0-30]
333132697,2,24,1,Low [0-30]
333132700,1,47,66,Medium (30 - 50]
333132701,1,30,76,Low [0-30]
333132701,2,30,87,Low [0-30]
333132702,1,23,82,Low [0-30]
333132707,1,24,42,Low [0-30]
333132708,1,85,53,Highest (80 +
333156611,1,32,87,Medium (30 - 50]
333156612,1,24,60,Low [0-30]
333156615,1,22,17,Low [0-30]
333156622,1,94,7,Highest (80 +
333156627,1,99,13,Highest (80 +
333156628,1,55,35,High (51 - 80]
333156628,2,56,22,High (51 - 80]
333605180,1,40,0,Medium (30 - 50]
333605180,2,37,0,Medium (30 - 50]
333605181,1,26,30,Low [0-30]
333605199,1,25,1,Low [0-30]
333605200,1,24,16,Low [0-30]
333605206,NULL,NULL,0,NULL
333794837,1,84,53,Highest (80 +
333794849,1,28,46,Low [0-30]
333794853,1,45,47,Medium (30 - 50]
333794854,1,69,40,High (51 - 80]
333794855,1,95,70,Highest (80 +
333794858,NULL,NULL,0,NULL
333794864,1,91,81,Highest (80 +
333870154,1,33,49,Medium (30 - 50]
333870154,2,33,20,Medium (30 - 50]
335010713,1,18,13,Low [0-30]
335010714,1,65,4,High (51 - 80]
335010721,1,36,38,Medium (30 - 50]
335010721,2,37,19,Medium (30 - 50]
335010724,1,30,51,Low [0-30]
335010724,2,30,59,Low [0-30]
335683238,1,10,0,Low [0-30]
335683238,2,13,0,Low [0-30]
335683251,NULL,NULL,0,NULL
335683252,1,53,86,High (51 - 80]
335683267,1,91,15,Highest (80 +
335683268,1,39,48,Medium (30 - 50]
335683279,1,31,35,Medium (30 - 50]
335683285,1,26,39,Low [0-30]
335683287,1,28,46,Low [0-30]
335864706,1,72,43,High (51 - 80]
335977697,1,47,11,Medium (30 - 50]
335977698,1,25,6,Low [0-30]
335977701,1,17,1,Low [0-30]
335977703,1,21,0,Low [0-30]
335977705,1,25,6,Low [0-30]
335977709,1,24,2,Low [0-30]
335977717,1,55,19,High (51 - 80]
335977726,1,61,5,High (51 - 80]
336596017,1,30,84,Low [0-30]
336597926,1,47,93,Medium (30 - 50]
336749983,1,43,95,Medium (30 - 50]
337161047,1,37,26,Medium (30 - 50]
337161048,1,25,10,Low [0-30]
337202362,1,50,32,Medium (30 - 50]
338019088,1,63,66,High (51 - 80]
338019101,1,21,63,Low [0-30]
338019122,1,30,22,Low [0-30]
338019130,1,24,36,Low [0-30]
338452870,1,49,1,Medium (30 - 50]
338452870,2,46,1,Medium (30 - 50]
338452871,1,39,4,Medium (30 - 50]
338452871,2,38,3,Medium (30 - 50]
338818253,1,64,12,High (51 - 80]
338818254,1,24,58,Low [0-30]
338818255,1,43,20,Medium (30 - 50]
338818257,1,41,72,Medium (30 - 50]
338818259,1,56,73,High (51 - 80]
338818260,1,21,13,Low [0-30]
338818261,1,17,21,Low [0-30]
338818262,1,26,92,Low [0-30]
338818263,1,25,25,Low [0-30]
339048206,1,24,92,Low [0-30]
339120284,1,66,89,High (51 - 80]
339120291,1,33,64,Medium (30 - 50]
339120297,1,27,79,Low [0-30]
339120301,1,27,64,Low [0-30]
339120305,1,56,86,High (51 - 80]
339583626,NULL,NULL,0,NULL
339713048,1,38,69,Medium (30 - 50]
339721248,1,37,57,Medium (30 - 50]
340005892,1,91,5,Highest (80 +
340005893,1,103,5,Highest (80 +
340005894,1,83,1,Highest (80 +
340005896,1,44,2,Medium (30 - 50]
340005900,1,101,0,Highest (80 +
340005902,1,103,5,Highest (80 +
340005908,1,101,6,Highest (80 +
340005911,1,88,5,Highest (80 +
340005912,1,94,4,Highest (80 +
340005913,1,98,5,Highest (80 +
340150698,1,21,5,Low [0-30]
340151673,1,48,91,Medium (30 - 50]
345675241,1,40,3,Medium (30 - 50]
345675245,1,31,8,Medium (30 - 50]
352465755,1,34,86,Medium (30 - 50]
352465772,1,24,87,Low [0-30]
354838598,1,19,22,Low [0-30]
354838639,1,26,6,Low [0-30]
354838639,2,26,4,Low [0-30]
354838675,1,53,68,High (51 - 80]
355552034,1,35,10,Medium (30 - 50]
355552034,2,36,7,Medium (30 - 50]
355552035,1,37,42,Medium (30 - 50]
355552035,2,36,39,Medium (30 - 50]
355552036,1,27,43,Low [0-30]
355552037,NULL,NULL,0,NULL
355552038,1,20,2,Low [0-30]
355552038,2,25,3,Low [0-30]
355763775,1,22,74,Low [0-30]
355763777,1,29,55,Low [0-30]
355962805,1,36,8,Medium (30 - 50]
357014247,1,20,73,Low [0-30]
357014249,1,87,35,Highest (80 +
357014250,1,23,18,Low [0-30]
357014253,1,83,55,Highest (80 +
357014256,1,22,82,Low [0-30]
357014257,1,68,51,High (51 - 80]
357014259,1,80,30,High (51 - 80]
357144703,1,33,3,Medium (30 - 50]
357144704,1,25,37,Low [0-30]
357144708,1,18,1,Low [0-30]
357260867,NULL,NULL,0,NULL
357260868,1,25,87,Low [0-30]
357260869,1,30,53,Low [0-30]
357260870,1,26,92,Low [0-30]
357260872,1,33,87,Medium (30 - 50]
357275114,1,34,94,Medium (30 - 50]
358126247,1,71,49,High (51 - 80]
358126251,1,42,68,Medium (30 - 50]
358128270,1,39,47,Medium (30 - 50]
358152405,1,25,83,Low [0-30]
360167576,1,25,2,Low [0-30]
360167577,1,40,1,Medium (30 - 50]
360167578,1,39,23,Medium (30 - 50]
360167579,1,33,2,Medium (30 - 50]
360167580,1,33,9,Medium (30 - 50]
